date,trend_score,isPartial,symbol,coin
2025-04-07 01:00:00,49,False,BTC/USDT,BTC
2025-04-07 02:00:00,57,False,BTC/USDT,BTC
2025-04-07 03:00:00,56,False,BTC/USDT,BTC
2025-04-07 04:00:00,67,False,BTC/USDT,BTC
2025-04-07 05:00:00,69,False,BTC/USDT,BTC
2025-04-07 06:00:00,90,False,BTC/USDT,BTC
2025-04-07 07:00:00,100,False,BTC/USDT,BTC
2025-04-07 08:00:00,75,False,BTC/USDT,BTC
2025-04-07 09:00:00,70,False,BTC/USDT,BTC
2025-04-07 10:00:00,59,False,BTC/USDT,BTC
2025-04-07 11:00:00,51,False,BTC/USDT,BTC
2025-04-07 12:00:00,53,False,BTC/USDT,BTC
2025-04-07 13:00:00,44,False,BTC/USDT,BTC
2025-04-07 14:00:00,59,False,BTC/USDT,BTC
2025-04-07 15:00:00,54,False,BTC/USDT,BTC
2025-04-07 16:00:00,46,False,BTC/USDT,BTC
2025-04-07 17:00:00,36,False,BTC/USDT,BTC
2025-04-07 18:00:00,48,False,BTC/USDT,BTC
2025-04-07 19:00:00,43,False,BTC/USDT,BTC
2025-04-07 20:00:00,43,False,BTC/USDT,BTC
2025-04-07 21:00:00,48,False,BTC/USDT,BTC
2025-04-07 22:00:00,47,False,BTC/USDT,BTC
2025-04-07 23:00:00,45,False,BTC/USDT,BTC
2025-04-08 00:00:00,37,False,BTC/USDT,BTC
2025-04-08 01:00:00,29,False,BTC/USDT,BTC
2025-04-08 02:00:00,53,False,BTC/USDT,BTC
2025-04-08 03:00:00,42,False,BTC/USDT,BTC
2025-04-08 04:00:00,31,False,BTC/USDT,BTC
2025-04-08 05:00:00,39,False,BTC/USDT,BTC
2025-04-08 06:00:00,34,False,BTC/USDT,BTC
2025-04-08 07:00:00,40,False,BTC/USDT,BTC
2025-04-08 08:00:00,37,False,BTC/USDT,BTC
2025-04-08 09:00:00,36,False,BTC/USDT,BTC
2025-04-08 10:00:00,41,False,BTC/USDT,BTC
2025-04-08 11:00:00,31,False,BTC/USDT,BTC
2025-04-08 12:00:00,36,False,BTC/USDT,BTC
2025-04-08 13:00:00,35,False,BTC/USDT,BTC
2025-04-08 14:00:00,29,False,BTC/USDT,BTC
2025-04-08 15:00:00,33,False,BTC/USDT,BTC
2025-04-08 16:00:00,42,False,BTC/USDT,BTC
2025-04-08 17:00:00,43,False,BTC/USDT,BTC
2025-04-08 18:00:00,38,False,BTC/USDT,BTC
2025-04-08 19:00:00,39,False,BTC/USDT,BTC
2025-04-08 20:00:00,39,False,BTC/USDT,BTC
2025-04-08 21:00:00,51,False,BTC/USDT,BTC
2025-04-08 22:00:00,44,False,BTC/USDT,BTC
2025-04-08 23:00:00,51,False,BTC/USDT,BTC
2025-04-09 00:00:00,40,False,BTC/USDT,BTC
2025-04-09 01:00:00,45,False,BTC/USDT,BTC
2025-04-09 02:00:00,39,False,BTC/USDT,BTC
2025-04-09 03:00:00,43,False,BTC/USDT,BTC
2025-04-09 04:00:00,36,False,BTC/USDT,BTC
2025-04-09 05:00:00,44,False,BTC/USDT,BTC
2025-04-09 06:00:00,30,False,BTC/USDT,BTC
2025-04-09 07:00:00,36,False,BTC/USDT,BTC
2025-04-09 08:00:00,35,False,BTC/USDT,BTC
2025-04-09 09:00:00,37,False,BTC/USDT,BTC
2025-04-09 10:00:00,35,False,BTC/USDT,BTC
2025-04-09 11:00:00,34,False,BTC/USDT,BTC
2025-04-09 12:00:00,40,False,BTC/USDT,BTC
2025-04-09 13:00:00,39,False,BTC/USDT,BTC
2025-04-09 14:00:00,29,False,BTC/USDT,BTC
2025-04-09 15:00:00,36,False,BTC/USDT,BTC
2025-04-09 16:00:00,40,False,BTC/USDT,BTC
2025-04-09 17:00:00,56,False,BTC/USDT,BTC
2025-04-09 18:00:00,69,False,BTC/USDT,BTC
2025-04-09 19:00:00,43,False,BTC/USDT,BTC
2025-04-09 20:00:00,48,False,BTC/USDT,BTC
2025-04-09 21:00:00,53,False,BTC/USDT,BTC
2025-04-09 22:00:00,50,False,BTC/USDT,BTC
2025-04-09 23:00:00,49,False,BTC/USDT,BTC
2025-04-10 00:00:00,45,False,BTC/USDT,BTC
2025-04-10 01:00:00,42,False,BTC/USDT,BTC
2025-04-10 02:00:00,27,False,BTC/USDT,BTC
2025-04-10 03:00:00,43,False,BTC/USDT,BTC
2025-04-10 04:00:00,34,False,BTC/USDT,BTC
2025-04-10 05:00:00,36,False,BTC/USDT,BTC
2025-04-10 06:00:00,36,False,BTC/USDT,BTC
2025-04-10 07:00:00,32,False,BTC/USDT,BTC
2025-04-10 08:00:00,30,False,BTC/USDT,BTC
2025-04-10 09:00:00,34,False,BTC/USDT,BTC
2025-04-10 10:00:00,31,False,BTC/USDT,BTC
2025-04-10 11:00:00,31,False,BTC/USDT,BTC
2025-04-10 12:00:00,34,False,BTC/USDT,BTC
2025-04-10 13:00:00,32,False,BTC/USDT,BTC
2025-04-10 14:00:00,31,False,BTC/USDT,BTC
2025-04-10 15:00:00,38,False,BTC/USDT,BTC
2025-04-10 16:00:00,37,False,BTC/USDT,BTC
2025-04-10 17:00:00,32,False,BTC/USDT,BTC
2025-04-10 18:00:00,32,False,BTC/USDT,BTC
2025-04-10 19:00:00,28,False,BTC/USDT,BTC
2025-04-10 20:00:00,35,False,BTC/USDT,BTC
2025-04-10 21:00:00,35,False,BTC/USDT,BTC
2025-04-10 22:00:00,38,False,BTC/USDT,BTC
2025-04-10 23:00:00,36,False,BTC/USDT,BTC
2025-04-11 00:00:00,30,False,BTC/USDT,BTC
2025-04-11 01:00:00,37,False,BTC/USDT,BTC
2025-04-11 02:00:00,33,False,BTC/USDT,BTC
2025-04-11 03:00:00,34,False,BTC/USDT,BTC
2025-04-11 04:00:00,32,False,BTC/USDT,BTC
2025-04-11 05:00:00,38,False,BTC/USDT,BTC
2025-04-11 06:00:00,26,False,BTC/USDT,BTC
2025-04-11 07:00:00,28,False,BTC/USDT,BTC
2025-04-11 08:00:00,32,False,BTC/USDT,BTC
2025-04-11 09:00:00,30,False,BTC/USDT,BTC
2025-04-11 10:00:00,32,False,BTC/USDT,BTC
2025-04-11 11:00:00,28,False,BTC/USDT,BTC
2025-04-11 12:00:00,30,False,BTC/USDT,BTC
2025-04-11 13:00:00,27,False,BTC/USDT,BTC
2025-04-11 14:00:00,27,False,BTC/USDT,BTC
2025-04-11 15:00:00,31,False,BTC/USDT,BTC
2025-04-11 16:00:00,31,False,BTC/USDT,BTC
2025-04-11 17:00:00,31,False,BTC/USDT,BTC
2025-04-11 18:00:00,40,False,BTC/USDT,BTC
2025-04-11 19:00:00,36,False,BTC/USDT,BTC
2025-04-11 20:00:00,37,False,BTC/USDT,BTC
2025-04-11 21:00:00,44,False,BTC/USDT,BTC
2025-04-11 22:00:00,33,False,BTC/USDT,BTC
2025-04-11 23:00:00,27,False,BTC/USDT,BTC
2025-04-12 00:00:00,31,False,BTC/USDT,BTC
2025-04-12 01:00:00,25,False,BTC/USDT,BTC
2025-04-12 02:00:00,28,False,BTC/USDT,BTC
2025-04-12 03:00:00,23,False,BTC/USDT,BTC
2025-04-12 04:00:00,31,False,BTC/USDT,BTC
2025-04-12 05:00:00,31,False,BTC/USDT,BTC
2025-04-12 06:00:00,22,False,BTC/USDT,BTC
2025-04-12 07:00:00,33,False,BTC/USDT,BTC
2025-04-12 08:00:00,30,False,BTC/USDT,BTC
2025-04-12 09:00:00,28,False,BTC/USDT,BTC
2025-04-12 10:00:00,25,False,BTC/USDT,BTC
2025-04-12 11:00:00,27,False,BTC/USDT,BTC
2025-04-12 12:00:00,30,False,BTC/USDT,BTC
2025-04-12 13:00:00,40,False,BTC/USDT,BTC
2025-04-12 14:00:00,34,False,BTC/USDT,BTC
2025-04-12 15:00:00,33,False,BTC/USDT,BTC
2025-04-12 16:00:00,29,False,BTC/USDT,BTC
2025-04-12 17:00:00,30,False,BTC/USDT,BTC
2025-04-12 18:00:00,30,False,BTC/USDT,BTC
2025-04-12 19:00:00,25,False,BTC/USDT,BTC
2025-04-12 20:00:00,34,False,BTC/USDT,BTC
2025-04-12 21:00:00,41,False,BTC/USDT,BTC
2025-04-12 22:00:00,36,False,BTC/USDT,BTC
2025-04-12 23:00:00,34,False,BTC/USDT,BTC
2025-04-13 00:00:00,39,False,BTC/USDT,BTC
2025-04-13 01:00:00,32,False,BTC/USDT,BTC
2025-04-13 02:00:00,29,False,BTC/USDT,BTC
2025-04-13 03:00:00,27,False,BTC/USDT,BTC
2025-04-13 04:00:00,28,False,BTC/USDT,BTC
2025-04-13 05:00:00,44,False,BTC/USDT,BTC
2025-04-13 06:00:00,28,False,BTC/USDT,BTC
2025-04-13 07:00:00,29,False,BTC/USDT,BTC
2025-04-13 08:00:00,29,False,BTC/USDT,BTC
2025-04-13 09:00:00,30,False,BTC/USDT,BTC
2025-04-13 10:00:00,25,False,BTC/USDT,BTC
2025-04-13 11:00:00,28,False,BTC/USDT,BTC
2025-04-13 12:00:00,27,False,BTC/USDT,BTC
2025-04-13 13:00:00,30,False,BTC/USDT,BTC
2025-04-13 14:00:00,26,False,BTC/USDT,BTC
2025-04-13 15:00:00,21,False,BTC/USDT,BTC
2025-04-13 16:00:00,23,False,BTC/USDT,BTC
2025-04-13 17:00:00,25,False,BTC/USDT,BTC
2025-04-13 18:00:00,28,False,BTC/USDT,BTC
2025-04-13 19:00:00,42,False,BTC/USDT,BTC
2025-04-13 20:00:00,38,False,BTC/USDT,BTC
2025-04-13 21:00:00,37,False,BTC/USDT,BTC
2025-04-13 22:00:00,25,False,BTC/USDT,BTC
2025-04-13 23:00:00,34,False,BTC/USDT,BTC
2025-04-14 00:00:00,31,False,BTC/USDT,BTC
2025-04-14 01:00:00,0,True,BTC/USDT,BTC
2025-04-07 01:00:00,53,False,ETH/USDT,ETH
2025-04-07 02:00:00,46,False,ETH/USDT,ETH
2025-04-07 03:00:00,54,False,ETH/USDT,ETH
2025-04-07 04:00:00,64,False,ETH/USDT,ETH
2025-04-07 05:00:00,53,False,ETH/USDT,ETH
2025-04-07 06:00:00,74,False,ETH/USDT,ETH
2025-04-07 07:00:00,100,False,ETH/USDT,ETH
2025-04-07 08:00:00,70,False,ETH/USDT,ETH
2025-04-07 09:00:00,51,False,ETH/USDT,ETH
2025-04-07 10:00:00,49,False,ETH/USDT,ETH
2025-04-07 11:00:00,43,False,ETH/USDT,ETH
2025-04-07 12:00:00,50,False,ETH/USDT,ETH
2025-04-07 13:00:00,43,False,ETH/USDT,ETH
2025-04-07 14:00:00,32,False,ETH/USDT,ETH
2025-04-07 15:00:00,43,False,ETH/USDT,ETH
2025-04-07 16:00:00,48,False,ETH/USDT,ETH
2025-04-07 17:00:00,37,False,ETH/USDT,ETH
2025-04-07 18:00:00,32,False,ETH/USDT,ETH
2025-04-07 19:00:00,36,False,ETH/USDT,ETH
2025-04-07 20:00:00,39,False,ETH/USDT,ETH
2025-04-07 21:00:00,46,False,ETH/USDT,ETH
2025-04-07 22:00:00,42,False,ETH/USDT,ETH
2025-04-07 23:00:00,36,False,ETH/USDT,ETH
2025-04-08 00:00:00,24,False,ETH/USDT,ETH
2025-04-08 01:00:00,26,False,ETH/USDT,ETH
2025-04-08 02:00:00,46,False,ETH/USDT,ETH
2025-04-08 03:00:00,37,False,ETH/USDT,ETH
2025-04-08 04:00:00,29,False,ETH/USDT,ETH
2025-04-08 05:00:00,46,False,ETH/USDT,ETH
2025-04-08 06:00:00,44,False,ETH/USDT,ETH
2025-04-08 07:00:00,31,False,ETH/USDT,ETH
2025-04-08 08:00:00,31,False,ETH/USDT,ETH
2025-04-08 09:00:00,29,False,ETH/USDT,ETH
2025-04-08 10:00:00,34,False,ETH/USDT,ETH
2025-04-08 11:00:00,34,False,ETH/USDT,ETH
2025-04-08 12:00:00,27,False,ETH/USDT,ETH
2025-04-08 13:00:00,29,False,ETH/USDT,ETH
2025-04-08 14:00:00,28,False,ETH/USDT,ETH
2025-04-08 15:00:00,26,False,ETH/USDT,ETH
2025-04-08 16:00:00,29,False,ETH/USDT,ETH
2025-04-08 17:00:00,45,False,ETH/USDT,ETH
2025-04-08 18:00:00,51,False,ETH/USDT,ETH
2025-04-08 19:00:00,33,False,ETH/USDT,ETH
2025-04-08 20:00:00,36,False,ETH/USDT,ETH
2025-04-08 21:00:00,43,False,ETH/USDT,ETH
2025-04-08 22:00:00,34,False,ETH/USDT,ETH
2025-04-08 23:00:00,40,False,ETH/USDT,ETH
2025-04-09 00:00:00,24,False,ETH/USDT,ETH
2025-04-09 01:00:00,42,False,ETH/USDT,ETH
2025-04-09 02:00:00,43,False,ETH/USDT,ETH
2025-04-09 03:00:00,41,False,ETH/USDT,ETH
2025-04-09 04:00:00,36,False,ETH/USDT,ETH
2025-04-09 05:00:00,27,False,ETH/USDT,ETH
2025-04-09 06:00:00,21,False,ETH/USDT,ETH
2025-04-09 07:00:00,35,False,ETH/USDT,ETH
2025-04-09 08:00:00,40,False,ETH/USDT,ETH
2025-04-09 09:00:00,32,False,ETH/USDT,ETH
2025-04-09 10:00:00,24,False,ETH/USDT,ETH
2025-04-09 11:00:00,32,False,ETH/USDT,ETH
2025-04-09 12:00:00,40,False,ETH/USDT,ETH
2025-04-09 13:00:00,31,False,ETH/USDT,ETH
2025-04-09 14:00:00,33,False,ETH/USDT,ETH
2025-04-09 15:00:00,29,False,ETH/USDT,ETH
2025-04-09 16:00:00,27,False,ETH/USDT,ETH
2025-04-09 17:00:00,30,False,ETH/USDT,ETH
2025-04-09 18:00:00,55,False,ETH/USDT,ETH
2025-04-09 19:00:00,42,False,ETH/USDT,ETH
2025-04-09 20:00:00,34,False,ETH/USDT,ETH
2025-04-09 21:00:00,49,False,ETH/USDT,ETH
2025-04-09 22:00:00,65,False,ETH/USDT,ETH
2025-04-09 23:00:00,30,False,ETH/USDT,ETH
2025-04-10 00:00:00,31,False,ETH/USDT,ETH
2025-04-10 01:00:00,32,False,ETH/USDT,ETH
2025-04-10 02:00:00,35,False,ETH/USDT,ETH
2025-04-10 03:00:00,33,False,ETH/USDT,ETH
2025-04-10 04:00:00,28,False,ETH/USDT,ETH
2025-04-10 05:00:00,33,False,ETH/USDT,ETH
2025-04-10 06:00:00,28,False,ETH/USDT,ETH
2025-04-10 07:00:00,31,False,ETH/USDT,ETH
2025-04-10 08:00:00,36,False,ETH/USDT,ETH
2025-04-10 09:00:00,24,False,ETH/USDT,ETH
2025-04-10 10:00:00,24,False,ETH/USDT,ETH
2025-04-10 11:00:00,33,False,ETH/USDT,ETH
2025-04-10 12:00:00,22,False,ETH/USDT,ETH
2025-04-10 13:00:00,29,False,ETH/USDT,ETH
2025-04-10 14:00:00,15,False,ETH/USDT,ETH
2025-04-10 15:00:00,27,False,ETH/USDT,ETH
2025-04-10 16:00:00,38,False,ETH/USDT,ETH
2025-04-10 17:00:00,19,False,ETH/USDT,ETH
2025-04-10 18:00:00,32,False,ETH/USDT,ETH
2025-04-10 19:00:00,23,False,ETH/USDT,ETH
2025-04-10 20:00:00,22,False,ETH/USDT,ETH
2025-04-10 21:00:00,35,False,ETH/USDT,ETH
2025-04-10 22:00:00,26,False,ETH/USDT,ETH
2025-04-10 23:00:00,26,False,ETH/USDT,ETH
2025-04-11 00:00:00,31,False,ETH/USDT,ETH
2025-04-11 01:00:00,28,False,ETH/USDT,ETH
2025-04-11 02:00:00,20,False,ETH/USDT,ETH
2025-04-11 03:00:00,22,False,ETH/USDT,ETH
2025-04-11 04:00:00,24,False,ETH/USDT,ETH
2025-04-11 05:00:00,17,False,ETH/USDT,ETH
2025-04-11 06:00:00,28,False,ETH/USDT,ETH
2025-04-11 07:00:00,35,False,ETH/USDT,ETH
2025-04-11 08:00:00,26,False,ETH/USDT,ETH
2025-04-11 09:00:00,29,False,ETH/USDT,ETH
2025-04-11 10:00:00,18,False,ETH/USDT,ETH
2025-04-11 11:00:00,22,False,ETH/USDT,ETH
2025-04-11 12:00:00,24,False,ETH/USDT,ETH
2025-04-11 13:00:00,30,False,ETH/USDT,ETH
2025-04-11 14:00:00,27,False,ETH/USDT,ETH
2025-04-11 15:00:00,27,False,ETH/USDT,ETH
2025-04-11 16:00:00,12,False,ETH/USDT,ETH
2025-04-11 17:00:00,22,False,ETH/USDT,ETH
2025-04-11 18:00:00,23,False,ETH/USDT,ETH
2025-04-11 19:00:00,32,False,ETH/USDT,ETH
2025-04-11 20:00:00,36,False,ETH/USDT,ETH
2025-04-11 21:00:00,16,False,ETH/USDT,ETH
2025-04-11 22:00:00,30,False,ETH/USDT,ETH
2025-04-11 23:00:00,34,False,ETH/USDT,ETH
2025-04-12 00:00:00,29,False,ETH/USDT,ETH
2025-04-12 01:00:00,0,False,ETH/USDT,ETH
2025-04-12 02:00:00,26,False,ETH/USDT,ETH
2025-04-12 03:00:00,19,False,ETH/USDT,ETH
2025-04-12 04:00:00,22,False,ETH/USDT,ETH
2025-04-12 05:00:00,27,False,ETH/USDT,ETH
2025-04-12 06:00:00,18,False,ETH/USDT,ETH
2025-04-12 07:00:00,23,False,ETH/USDT,ETH
2025-04-12 08:00:00,24,False,ETH/USDT,ETH
2025-04-12 09:00:00,14,False,ETH/USDT,ETH
2025-04-12 10:00:00,28,False,ETH/USDT,ETH
2025-04-12 11:00:00,20,False,ETH/USDT,ETH
2025-04-12 12:00:00,22,False,ETH/USDT,ETH
2025-04-12 13:00:00,20,False,ETH/USDT,ETH
2025-04-12 14:00:00,22,False,ETH/USDT,ETH
2025-04-12 15:00:00,28,False,ETH/USDT,ETH
2025-04-12 16:00:00,15,False,ETH/USDT,ETH
2025-04-12 17:00:00,23,False,ETH/USDT,ETH
2025-04-12 18:00:00,20,False,ETH/USDT,ETH
2025-04-12 19:00:00,27,False,ETH/USDT,ETH
2025-04-12 20:00:00,32,False,ETH/USDT,ETH
2025-04-12 21:00:00,38,False,ETH/USDT,ETH
2025-04-12 22:00:00,33,False,ETH/USDT,ETH
2025-04-12 23:00:00,34,False,ETH/USDT,ETH
2025-04-13 00:00:00,26,False,ETH/USDT,ETH
2025-04-13 01:00:00,37,False,ETH/USDT,ETH
2025-04-13 02:00:00,26,False,ETH/USDT,ETH
2025-04-13 03:00:00,22,False,ETH/USDT,ETH
2025-04-13 04:00:00,29,False,ETH/USDT,ETH
2025-04-13 05:00:00,20,False,ETH/USDT,ETH
2025-04-13 06:00:00,29,False,ETH/USDT,ETH
2025-04-13 07:00:00,20,False,ETH/USDT,ETH
2025-04-13 08:00:00,18,False,ETH/USDT,ETH
2025-04-13 09:00:00,13,False,ETH/USDT,ETH
2025-04-13 10:00:00,22,False,ETH/USDT,ETH
2025-04-13 11:00:00,20,False,ETH/USDT,ETH
2025-04-13 12:00:00,20,False,ETH/USDT,ETH
2025-04-13 13:00:00,17,False,ETH/USDT,ETH
2025-04-13 14:00:00,25,False,ETH/USDT,ETH
2025-04-13 15:00:00,22,False,ETH/USDT,ETH
2025-04-13 16:00:00,11,False,ETH/USDT,ETH
2025-04-13 17:00:00,13,False,ETH/USDT,ETH
2025-04-13 18:00:00,24,False,ETH/USDT,ETH
2025-04-13 19:00:00,27,False,ETH/USDT,ETH
2025-04-13 20:00:00,38,False,ETH/USDT,ETH
2025-04-13 21:00:00,24,False,ETH/USDT,ETH
2025-04-13 22:00:00,23,False,ETH/USDT,ETH
2025-04-13 23:00:00,19,False,ETH/USDT,ETH
2025-04-14 00:00:00,41,False,ETH/USDT,ETH
2025-04-14 01:00:00,0,True,ETH/USDT,ETH
2025-04-07 01:00:00,62,False,XRP/USDT,XRP
2025-04-07 02:00:00,67,False,XRP/USDT,XRP
2025-04-07 03:00:00,61,False,XRP/USDT,XRP
2025-04-07 04:00:00,88,False,XRP/USDT,XRP
2025-04-07 05:00:00,100,False,XRP/USDT,XRP
2025-04-07 06:00:00,99,False,XRP/USDT,XRP
2025-04-07 07:00:00,87,False,XRP/USDT,XRP
2025-04-07 08:00:00,65,False,XRP/USDT,XRP
2025-04-07 09:00:00,60,False,XRP/USDT,XRP
2025-04-07 10:00:00,57,False,XRP/USDT,XRP
2025-04-07 11:00:00,53,False,XRP/USDT,XRP
2025-04-07 12:00:00,53,False,XRP/USDT,XRP
2025-04-07 13:00:00,46,False,XRP/USDT,XRP
2025-04-07 14:00:00,56,False,XRP/USDT,XRP
2025-04-07 15:00:00,53,False,XRP/USDT,XRP
2025-04-07 16:00:00,53,False,XRP/USDT,XRP
2025-04-07 17:00:00,44,False,XRP/USDT,XRP
2025-04-07 18:00:00,52,False,XRP/USDT,XRP
2025-04-07 19:00:00,54,False,XRP/USDT,XRP
2025-04-07 20:00:00,60,False,XRP/USDT,XRP
2025-04-07 21:00:00,64,False,XRP/USDT,XRP
2025-04-07 22:00:00,64,False,XRP/USDT,XRP
2025-04-07 23:00:00,57,False,XRP/USDT,XRP
2025-04-08 00:00:00,53,False,XRP/USDT,XRP
2025-04-08 01:00:00,51,False,XRP/USDT,XRP
2025-04-08 02:00:00,54,False,XRP/USDT,XRP
2025-04-08 03:00:00,50,False,XRP/USDT,XRP
2025-04-08 04:00:00,46,False,XRP/USDT,XRP
2025-04-08 05:00:00,34,False,XRP/USDT,XRP
2025-04-08 06:00:00,39,False,XRP/USDT,XRP
2025-04-08 07:00:00,34,False,XRP/USDT,XRP
2025-04-08 08:00:00,34,False,XRP/USDT,XRP
2025-04-08 09:00:00,34,False,XRP/USDT,XRP
2025-04-08 10:00:00,36,False,XRP/USDT,XRP
2025-04-08 11:00:00,41,False,XRP/USDT,XRP
2025-04-08 12:00:00,45,False,XRP/USDT,XRP
2025-04-08 13:00:00,40,False,XRP/USDT,XRP
2025-04-08 14:00:00,38,False,XRP/USDT,XRP
2025-04-08 15:00:00,41,False,XRP/USDT,XRP
2025-04-08 16:00:00,44,False,XRP/USDT,XRP
2025-04-08 17:00:00,47,False,XRP/USDT,XRP
2025-04-08 18:00:00,43,False,XRP/USDT,XRP
2025-04-08 19:00:00,48,False,XRP/USDT,XRP
2025-04-08 20:00:00,53,False,XRP/USDT,XRP
2025-04-08 21:00:00,63,False,XRP/USDT,XRP
2025-04-08 22:00:00,58,False,XRP/USDT,XRP
2025-04-08 23:00:00,59,False,XRP/USDT,XRP
2025-04-09 00:00:00,44,False,XRP/USDT,XRP
2025-04-09 01:00:00,61,False,XRP/USDT,XRP
2025-04-09 02:00:00,56,False,XRP/USDT,XRP
2025-04-09 03:00:00,59,False,XRP/USDT,XRP
2025-04-09 04:00:00,43,False,XRP/USDT,XRP
2025-04-09 05:00:00,47,False,XRP/USDT,XRP
2025-04-09 06:00:00,29,False,XRP/USDT,XRP
2025-04-09 07:00:00,34,False,XRP/USDT,XRP
2025-04-09 08:00:00,31,False,XRP/USDT,XRP
2025-04-09 09:00:00,33,False,XRP/USDT,XRP
2025-04-09 10:00:00,31,False,XRP/USDT,XRP
2025-04-09 11:00:00,36,False,XRP/USDT,XRP
2025-04-09 12:00:00,36,False,XRP/USDT,XRP
2025-04-09 13:00:00,40,False,XRP/USDT,XRP
2025-04-09 14:00:00,34,False,XRP/USDT,XRP
2025-04-09 15:00:00,35,False,XRP/USDT,XRP
2025-04-09 16:00:00,38,False,XRP/USDT,XRP
2025-04-09 17:00:00,84,False,XRP/USDT,XRP
2025-04-09 18:00:00,83,False,XRP/USDT,XRP
2025-04-09 19:00:00,66,False,XRP/USDT,XRP
2025-04-09 20:00:00,59,False,XRP/USDT,XRP
2025-04-09 21:00:00,78,False,XRP/USDT,XRP
2025-04-09 22:00:00,77,False,XRP/USDT,XRP
2025-04-09 23:00:00,67,False,XRP/USDT,XRP
2025-04-10 00:00:00,62,False,XRP/USDT,XRP
2025-04-10 01:00:00,48,False,XRP/USDT,XRP
2025-04-10 02:00:00,47,False,XRP/USDT,XRP
2025-04-10 03:00:00,52,False,XRP/USDT,XRP
2025-04-10 04:00:00,33,False,XRP/USDT,XRP
2025-04-10 05:00:00,36,False,XRP/USDT,XRP
2025-04-10 06:00:00,31,False,XRP/USDT,XRP
2025-04-10 07:00:00,35,False,XRP/USDT,XRP
2025-04-10 08:00:00,30,False,XRP/USDT,XRP
2025-04-10 09:00:00,27,False,XRP/USDT,XRP
2025-04-10 10:00:00,33,False,XRP/USDT,XRP
2025-04-10 11:00:00,33,False,XRP/USDT,XRP
2025-04-10 12:00:00,41,False,XRP/USDT,XRP
2025-04-10 13:00:00,38,False,XRP/USDT,XRP
2025-04-10 14:00:00,37,False,XRP/USDT,XRP
2025-04-10 15:00:00,38,False,XRP/USDT,XRP
2025-04-10 16:00:00,45,False,XRP/USDT,XRP
2025-04-10 17:00:00,35,False,XRP/USDT,XRP
2025-04-10 18:00:00,44,False,XRP/USDT,XRP
2025-04-10 19:00:00,42,False,XRP/USDT,XRP
2025-04-10 20:00:00,42,False,XRP/USDT,XRP
2025-04-10 21:00:00,43,False,XRP/USDT,XRP
2025-04-10 22:00:00,52,False,XRP/USDT,XRP
2025-04-10 23:00:00,52,False,XRP/USDT,XRP
2025-04-11 00:00:00,38,False,XRP/USDT,XRP
2025-04-11 01:00:00,35,False,XRP/USDT,XRP
2025-04-11 02:00:00,44,False,XRP/USDT,XRP
2025-04-11 03:00:00,38,False,XRP/USDT,XRP
2025-04-11 04:00:00,40,False,XRP/USDT,XRP
2025-04-11 05:00:00,35,False,XRP/USDT,XRP
2025-04-11 06:00:00,30,False,XRP/USDT,XRP
2025-04-11 07:00:00,32,False,XRP/USDT,XRP
2025-04-11 08:00:00,28,False,XRP/USDT,XRP
2025-04-11 09:00:00,31,False,XRP/USDT,XRP
2025-04-11 10:00:00,33,False,XRP/USDT,XRP
2025-04-11 11:00:00,33,False,XRP/USDT,XRP
2025-04-11 12:00:00,28,False,XRP/USDT,XRP
2025-04-11 13:00:00,35,False,XRP/USDT,XRP
2025-04-11 14:00:00,34,False,XRP/USDT,XRP
2025-04-11 15:00:00,30,False,XRP/USDT,XRP
2025-04-11 16:00:00,31,False,XRP/USDT,XRP
2025-04-11 17:00:00,37,False,XRP/USDT,XRP
2025-04-11 18:00:00,42,False,XRP/USDT,XRP
2025-04-11 19:00:00,46,False,XRP/USDT,XRP
2025-04-11 20:00:00,45,False,XRP/USDT,XRP
2025-04-11 21:00:00,39,False,XRP/USDT,XRP
2025-04-11 22:00:00,47,False,XRP/USDT,XRP
2025-04-11 23:00:00,44,False,XRP/USDT,XRP
2025-04-12 00:00:00,45,False,XRP/USDT,XRP
2025-04-12 01:00:00,34,False,XRP/USDT,XRP
2025-04-12 02:00:00,33,False,XRP/USDT,XRP
2025-04-12 03:00:00,35,False,XRP/USDT,XRP
2025-04-12 04:00:00,34,False,XRP/USDT,XRP
2025-04-12 05:00:00,33,False,XRP/USDT,XRP
2025-04-12 06:00:00,31,False,XRP/USDT,XRP
2025-04-12 07:00:00,31,False,XRP/USDT,XRP
2025-04-12 08:00:00,28,False,XRP/USDT,XRP
2025-04-12 09:00:00,25,False,XRP/USDT,XRP
2025-04-12 10:00:00,22,False,XRP/USDT,XRP
2025-04-12 11:00:00,30,False,XRP/USDT,XRP
2025-04-12 12:00:00,28,False,XRP/USDT,XRP
2025-04-12 13:00:00,37,False,XRP/USDT,XRP
2025-04-12 14:00:00,52,False,XRP/USDT,XRP
2025-04-12 15:00:00,48,False,XRP/USDT,XRP
2025-04-12 16:00:00,44,False,XRP/USDT,XRP
2025-04-12 17:00:00,34,False,XRP/USDT,XRP
2025-04-12 18:00:00,33,False,XRP/USDT,XRP
2025-04-12 19:00:00,39,False,XRP/USDT,XRP
2025-04-12 20:00:00,41,False,XRP/USDT,XRP
2025-04-12 21:00:00,44,False,XRP/USDT,XRP
2025-04-12 22:00:00,50,False,XRP/USDT,XRP
2025-04-12 23:00:00,51,False,XRP/USDT,XRP
2025-04-13 00:00:00,45,False,XRP/USDT,XRP
2025-04-13 01:00:00,35,False,XRP/USDT,XRP
2025-04-13 02:00:00,45,False,XRP/USDT,XRP
2025-04-13 03:00:00,35,False,XRP/USDT,XRP
2025-04-13 04:00:00,37,False,XRP/USDT,XRP
2025-04-13 05:00:00,27,False,XRP/USDT,XRP
2025-04-13 06:00:00,33,False,XRP/USDT,XRP
2025-04-13 07:00:00,32,False,XRP/USDT,XRP
2025-04-13 08:00:00,27,False,XRP/USDT,XRP
2025-04-13 09:00:00,37,False,XRP/USDT,XRP
2025-04-13 10:00:00,41,False,XRP/USDT,XRP
2025-04-13 11:00:00,44,False,XRP/USDT,XRP
2025-04-13 12:00:00,35,False,XRP/USDT,XRP
2025-04-13 13:00:00,32,False,XRP/USDT,XRP
2025-04-13 14:00:00,34,False,XRP/USDT,XRP
2025-04-13 15:00:00,33,False,XRP/USDT,XRP
2025-04-13 16:00:00,28,False,XRP/USDT,XRP
2025-04-13 17:00:00,34,False,XRP/USDT,XRP
2025-04-13 18:00:00,40,False,XRP/USDT,XRP
2025-04-13 19:00:00,39,False,XRP/USDT,XRP
2025-04-13 20:00:00,45,False,XRP/USDT,XRP
2025-04-13 21:00:00,52,False,XRP/USDT,XRP
2025-04-13 22:00:00,45,False,XRP/USDT,XRP
2025-04-13 23:00:00,37,False,XRP/USDT,XRP
2025-04-14 00:00:00,40,False,XRP/USDT,XRP
2025-04-14 01:00:00,37,True,XRP/USDT,XRP
2025-04-07 01:00:00,0,False,BNB/USDT,BNB
2025-04-07 02:00:00,0,False,BNB/USDT,BNB
2025-04-07 03:00:00,0,False,BNB/USDT,BNB
2025-04-07 04:00:00,0,False,BNB/USDT,BNB
2025-04-07 05:00:00,60,False,BNB/USDT,BNB
2025-04-07 06:00:00,0,False,BNB/USDT,BNB
2025-04-07 07:00:00,100,False,BNB/USDT,BNB
2025-04-07 08:00:00,70,False,BNB/USDT,BNB
2025-04-07 09:00:00,0,False,BNB/USDT,BNB
2025-04-07 10:00:00,56,False,BNB/USDT,BNB
2025-04-07 11:00:00,63,False,BNB/USDT,BNB
2025-04-07 12:00:00,43,False,BNB/USDT,BNB
2025-04-07 13:00:00,39,False,BNB/USDT,BNB
2025-04-07 14:00:00,0,False,BNB/USDT,BNB
2025-04-07 15:00:00,49,False,BNB/USDT,BNB
2025-04-07 16:00:00,56,False,BNB/USDT,BNB
2025-04-07 17:00:00,41,False,BNB/USDT,BNB
2025-04-07 18:00:00,46,False,BNB/USDT,BNB
2025-04-07 19:00:00,51,False,BNB/USDT,BNB
2025-04-07 20:00:00,56,False,BNB/USDT,BNB
2025-04-07 21:00:00,60,False,BNB/USDT,BNB
2025-04-07 22:00:00,0,False,BNB/USDT,BNB
2025-04-07 23:00:00,0,False,BNB/USDT,BNB
2025-04-08 00:00:00,0,False,BNB/USDT,BNB
2025-04-08 01:00:00,0,False,BNB/USDT,BNB
2025-04-08 02:00:00,0,False,BNB/USDT,BNB
2025-04-08 03:00:00,0,False,BNB/USDT,BNB
2025-04-08 04:00:00,72,False,BNB/USDT,BNB
2025-04-08 05:00:00,0,False,BNB/USDT,BNB
2025-04-08 06:00:00,64,False,BNB/USDT,BNB
2025-04-08 07:00:00,55,False,BNB/USDT,BNB
2025-04-08 08:00:00,0,False,BNB/USDT,BNB
2025-04-08 09:00:00,66,False,BNB/USDT,BNB
2025-04-08 10:00:00,0,False,BNB/USDT,BNB
2025-04-08 11:00:00,0,False,BNB/USDT,BNB
2025-04-08 12:00:00,59,False,BNB/USDT,BNB
2025-04-08 13:00:00,0,False,BNB/USDT,BNB
2025-04-08 14:00:00,40,False,BNB/USDT,BNB
2025-04-08 15:00:00,44,False,BNB/USDT,BNB
2025-04-08 16:00:00,66,False,BNB/USDT,BNB
2025-04-08 17:00:00,76,False,BNB/USDT,BNB
2025-04-08 18:00:00,0,False,BNB/USDT,BNB
2025-04-08 19:00:00,55,False,BNB/USDT,BNB
2025-04-08 20:00:00,0,False,BNB/USDT,BNB
2025-04-08 21:00:00,86,False,BNB/USDT,BNB
2025-04-08 22:00:00,0,False,BNB/USDT,BNB
2025-04-08 23:00:00,0,False,BNB/USDT,BNB
2025-04-09 00:00:00,92,False,BNB/USDT,BNB
2025-04-09 01:00:00,0,False,BNB/USDT,BNB
2025-04-09 02:00:00,76,False,BNB/USDT,BNB
2025-04-09 03:00:00,67,False,BNB/USDT,BNB
2025-04-09 04:00:00,66,False,BNB/USDT,BNB
2025-04-09 05:00:00,0,False,BNB/USDT,BNB
2025-04-09 06:00:00,0,False,BNB/USDT,BNB
2025-04-09 07:00:00,0,False,BNB/USDT,BNB
2025-04-09 08:00:00,0,False,BNB/USDT,BNB
2025-04-09 09:00:00,65,False,BNB/USDT,BNB
2025-04-09 10:00:00,0,False,BNB/USDT,BNB
2025-04-09 11:00:00,49,False,BNB/USDT,BNB
2025-04-09 12:00:00,40,False,BNB/USDT,BNB
2025-04-09 13:00:00,0,False,BNB/USDT,BNB
2025-04-09 14:00:00,0,False,BNB/USDT,BNB
2025-04-09 15:00:00,73,False,BNB/USDT,BNB
2025-04-09 16:00:00,46,False,BNB/USDT,BNB
2025-04-09 17:00:00,0,False,BNB/USDT,BNB
2025-04-09 18:00:00,51,False,BNB/USDT,BNB
2025-04-09 19:00:00,0,False,BNB/USDT,BNB
2025-04-09 20:00:00,59,False,BNB/USDT,BNB
2025-04-09 21:00:00,75,False,BNB/USDT,BNB
2025-04-09 22:00:00,74,False,BNB/USDT,BNB
2025-04-09 23:00:00,0,False,BNB/USDT,BNB
2025-04-10 00:00:00,0,False,BNB/USDT,BNB
2025-04-10 01:00:00,80,False,BNB/USDT,BNB
2025-04-10 02:00:00,0,False,BNB/USDT,BNB
2025-04-10 03:00:00,0,False,BNB/USDT,BNB
2025-04-10 04:00:00,0,False,BNB/USDT,BNB
2025-04-10 05:00:00,0,False,BNB/USDT,BNB
2025-04-10 06:00:00,0,False,BNB/USDT,BNB
2025-04-10 07:00:00,51,False,BNB/USDT,BNB
2025-04-10 08:00:00,0,False,BNB/USDT,BNB
2025-04-10 09:00:00,73,False,BNB/USDT,BNB
2025-04-10 10:00:00,49,False,BNB/USDT,BNB
2025-04-10 11:00:00,42,False,BNB/USDT,BNB
2025-04-10 12:00:00,0,False,BNB/USDT,BNB
2025-04-10 13:00:00,40,False,BNB/USDT,BNB
2025-04-10 14:00:00,52,False,BNB/USDT,BNB
2025-04-10 15:00:00,0,False,BNB/USDT,BNB
2025-04-10 16:00:00,43,False,BNB/USDT,BNB
2025-04-10 17:00:00,43,False,BNB/USDT,BNB
2025-04-10 18:00:00,0,False,BNB/USDT,BNB
2025-04-10 19:00:00,0,False,BNB/USDT,BNB
2025-04-10 20:00:00,55,False,BNB/USDT,BNB
2025-04-10 21:00:00,76,False,BNB/USDT,BNB
2025-04-10 22:00:00,0,False,BNB/USDT,BNB
2025-04-10 23:00:00,0,False,BNB/USDT,BNB
2025-04-11 00:00:00,0,False,BNB/USDT,BNB
2025-04-11 01:00:00,0,False,BNB/USDT,BNB
2025-04-11 02:00:00,0,False,BNB/USDT,BNB
2025-04-11 03:00:00,0,False,BNB/USDT,BNB
2025-04-11 04:00:00,0,False,BNB/USDT,BNB
2025-04-11 05:00:00,0,False,BNB/USDT,BNB
2025-04-11 06:00:00,0,False,BNB/USDT,BNB
2025-04-11 07:00:00,0,False,BNB/USDT,BNB
2025-04-11 08:00:00,0,False,BNB/USDT,BNB
2025-04-11 09:00:00,0,False,BNB/USDT,BNB
2025-04-11 10:00:00,0,False,BNB/USDT,BNB
2025-04-11 11:00:00,49,False,BNB/USDT,BNB
2025-04-11 12:00:00,0,False,BNB/USDT,BNB
2025-04-11 13:00:00,39,False,BNB/USDT,BNB
2025-04-11 14:00:00,0,False,BNB/USDT,BNB
2025-04-11 15:00:00,0,False,BNB/USDT,BNB
2025-04-11 16:00:00,74,False,BNB/USDT,BNB
2025-04-11 17:00:00,0,False,BNB/USDT,BNB
2025-04-11 18:00:00,45,False,BNB/USDT,BNB
2025-04-11 19:00:00,0,False,BNB/USDT,BNB
2025-04-11 20:00:00,0,False,BNB/USDT,BNB
2025-04-11 21:00:00,0,False,BNB/USDT,BNB
2025-04-11 22:00:00,0,False,BNB/USDT,BNB
2025-04-11 23:00:00,0,False,BNB/USDT,BNB
2025-04-12 00:00:00,0,False,BNB/USDT,BNB
2025-04-12 01:00:00,85,False,BNB/USDT,BNB
2025-04-12 02:00:00,0,False,BNB/USDT,BNB
2025-04-12 03:00:00,0,False,BNB/USDT,BNB
2025-04-12 04:00:00,0,False,BNB/USDT,BNB
2025-04-12 05:00:00,71,False,BNB/USDT,BNB
2025-04-12 06:00:00,0,False,BNB/USDT,BNB
2025-04-12 07:00:00,0,False,BNB/USDT,BNB
2025-04-12 08:00:00,0,False,BNB/USDT,BNB
2025-04-12 09:00:00,0,False,BNB/USDT,BNB
2025-04-12 10:00:00,0,False,BNB/USDT,BNB
2025-04-12 11:00:00,0,False,BNB/USDT,BNB
2025-04-12 12:00:00,48,False,BNB/USDT,BNB
2025-04-12 13:00:00,0,False,BNB/USDT,BNB
2025-04-12 14:00:00,0,False,BNB/USDT,BNB
2025-04-12 15:00:00,0,False,BNB/USDT,BNB
2025-04-12 16:00:00,0,False,BNB/USDT,BNB
2025-04-12 17:00:00,48,False,BNB/USDT,BNB
2025-04-12 18:00:00,59,False,BNB/USDT,BNB
2025-04-12 19:00:00,0,False,BNB/USDT,BNB
2025-04-12 20:00:00,68,False,BNB/USDT,BNB
2025-04-12 21:00:00,0,False,BNB/USDT,BNB
2025-04-12 22:00:00,0,False,BNB/USDT,BNB
2025-04-12 23:00:00,0,False,BNB/USDT,BNB
2025-04-13 00:00:00,71,False,BNB/USDT,BNB
2025-04-13 01:00:00,0,False,BNB/USDT,BNB
2025-04-13 02:00:00,0,False,BNB/USDT,BNB
2025-04-13 03:00:00,78,False,BNB/USDT,BNB
2025-04-13 04:00:00,0,False,BNB/USDT,BNB
2025-04-13 05:00:00,0,False,BNB/USDT,BNB
2025-04-13 06:00:00,0,False,BNB/USDT,BNB
2025-04-13 07:00:00,0,False,BNB/USDT,BNB
2025-04-13 08:00:00,63,False,BNB/USDT,BNB
2025-04-13 09:00:00,59,False,BNB/USDT,BNB
2025-04-13 10:00:00,66,False,BNB/USDT,BNB
2025-04-13 11:00:00,0,False,BNB/USDT,BNB
2025-04-13 12:00:00,0,False,BNB/USDT,BNB
2025-04-13 13:00:00,55,False,BNB/USDT,BNB
2025-04-13 14:00:00,56,False,BNB/USDT,BNB
2025-04-13 15:00:00,49,False,BNB/USDT,BNB
2025-04-13 16:00:00,0,False,BNB/USDT,BNB
2025-04-13 17:00:00,0,False,BNB/USDT,BNB
2025-04-13 18:00:00,0,False,BNB/USDT,BNB
2025-04-13 19:00:00,48,False,BNB/USDT,BNB
2025-04-13 20:00:00,0,False,BNB/USDT,BNB
2025-04-13 21:00:00,0,False,BNB/USDT,BNB
2025-04-13 22:00:00,0,False,BNB/USDT,BNB
2025-04-13 23:00:00,0,False,BNB/USDT,BNB
2025-04-14 00:00:00,0,False,BNB/USDT,BNB
2025-04-14 01:00:00,0,True,BNB/USDT,BNB
2025-04-07 01:00:00,46,False,SOL/USDT,SOL
2025-04-07 02:00:00,0,False,SOL/USDT,SOL
2025-04-07 03:00:00,71,False,SOL/USDT,SOL
2025-04-07 04:00:00,81,False,SOL/USDT,SOL
2025-04-07 05:00:00,79,False,SOL/USDT,SOL
2025-04-07 06:00:00,70,False,SOL/USDT,SOL
2025-04-07 07:00:00,99,False,SOL/USDT,SOL
2025-04-07 08:00:00,94,False,SOL/USDT,SOL
2025-04-07 09:00:00,63,False,SOL/USDT,SOL
2025-04-07 10:00:00,59,False,SOL/USDT,SOL
2025-04-07 11:00:00,60,False,SOL/USDT,SOL
2025-04-07 12:00:00,81,False,SOL/USDT,SOL
2025-04-07 13:00:00,53,False,SOL/USDT,SOL
2025-04-07 14:00:00,46,False,SOL/USDT,SOL
2025-04-07 15:00:00,46,False,SOL/USDT,SOL
2025-04-07 16:00:00,54,False,SOL/USDT,SOL
2025-04-07 17:00:00,47,False,SOL/USDT,SOL
2025-04-07 18:00:00,62,False,SOL/USDT,SOL
2025-04-07 19:00:00,44,False,SOL/USDT,SOL
2025-04-07 20:00:00,76,False,SOL/USDT,SOL
2025-04-07 21:00:00,70,False,SOL/USDT,SOL
2025-04-07 22:00:00,66,False,SOL/USDT,SOL
2025-04-07 23:00:00,83,False,SOL/USDT,SOL
2025-04-08 00:00:00,0,False,SOL/USDT,SOL
2025-04-08 01:00:00,67,False,SOL/USDT,SOL
2025-04-08 02:00:00,55,False,SOL/USDT,SOL
2025-04-08 03:00:00,0,False,SOL/USDT,SOL
2025-04-08 04:00:00,71,False,SOL/USDT,SOL
2025-04-08 05:00:00,60,False,SOL/USDT,SOL
2025-04-08 06:00:00,59,False,SOL/USDT,SOL
2025-04-08 07:00:00,35,False,SOL/USDT,SOL
2025-04-08 08:00:00,41,False,SOL/USDT,SOL
2025-04-08 09:00:00,36,False,SOL/USDT,SOL
2025-04-08 10:00:00,56,False,SOL/USDT,SOL
2025-04-08 11:00:00,51,False,SOL/USDT,SOL
2025-04-08 12:00:00,72,False,SOL/USDT,SOL
2025-04-08 13:00:00,39,False,SOL/USDT,SOL
2025-04-08 14:00:00,30,False,SOL/USDT,SOL
2025-04-08 15:00:00,43,False,SOL/USDT,SOL
2025-04-08 16:00:00,69,False,SOL/USDT,SOL
2025-04-08 17:00:00,34,False,SOL/USDT,SOL
2025-04-08 18:00:00,36,False,SOL/USDT,SOL
2025-04-08 19:00:00,43,False,SOL/USDT,SOL
2025-04-08 20:00:00,42,False,SOL/USDT,SOL
2025-04-08 21:00:00,0,False,SOL/USDT,SOL
2025-04-08 22:00:00,66,False,SOL/USDT,SOL
2025-04-08 23:00:00,0,False,SOL/USDT,SOL
2025-04-09 00:00:00,84,False,SOL/USDT,SOL
2025-04-09 01:00:00,53,False,SOL/USDT,SOL
2025-04-09 02:00:00,49,False,SOL/USDT,SOL
2025-04-09 03:00:00,54,False,SOL/USDT,SOL
2025-04-09 04:00:00,0,False,SOL/USDT,SOL
2025-04-09 05:00:00,68,False,SOL/USDT,SOL
2025-04-09 06:00:00,49,False,SOL/USDT,SOL
2025-04-09 07:00:00,39,False,SOL/USDT,SOL
2025-04-09 08:00:00,40,False,SOL/USDT,SOL
2025-04-09 09:00:00,60,False,SOL/USDT,SOL
2025-04-09 10:00:00,41,False,SOL/USDT,SOL
2025-04-09 11:00:00,41,False,SOL/USDT,SOL
2025-04-09 12:00:00,54,False,SOL/USDT,SOL
2025-04-09 13:00:00,44,False,SOL/USDT,SOL
2025-04-09 14:00:00,0,False,SOL/USDT,SOL
2025-04-09 15:00:00,47,False,SOL/USDT,SOL
2025-04-09 16:00:00,61,False,SOL/USDT,SOL
2025-04-09 17:00:00,54,False,SOL/USDT,SOL
2025-04-09 18:00:00,62,False,SOL/USDT,SOL
2025-04-09 19:00:00,67,False,SOL/USDT,SOL
2025-04-09 20:00:00,74,False,SOL/USDT,SOL
2025-04-09 21:00:00,58,False,SOL/USDT,SOL
2025-04-09 22:00:00,79,False,SOL/USDT,SOL
2025-04-09 23:00:00,76,False,SOL/USDT,SOL
2025-04-10 00:00:00,0,False,SOL/USDT,SOL
2025-04-10 01:00:00,0,False,SOL/USDT,SOL
2025-04-10 02:00:00,70,False,SOL/USDT,SOL
2025-04-10 03:00:00,61,False,SOL/USDT,SOL
2025-04-10 04:00:00,0,False,SOL/USDT,SOL
2025-04-10 05:00:00,0,False,SOL/USDT,SOL
2025-04-10 06:00:00,38,False,SOL/USDT,SOL
2025-04-10 07:00:00,0,False,SOL/USDT,SOL
2025-04-10 08:00:00,36,False,SOL/USDT,SOL
2025-04-10 09:00:00,37,False,SOL/USDT,SOL
2025-04-10 10:00:00,0,False,SOL/USDT,SOL
2025-04-10 11:00:00,43,False,SOL/USDT,SOL
2025-04-10 12:00:00,0,False,SOL/USDT,SOL
2025-04-10 13:00:00,34,False,SOL/USDT,SOL
2025-04-10 14:00:00,29,False,SOL/USDT,SOL
2025-04-10 15:00:00,36,False,SOL/USDT,SOL
2025-04-10 16:00:00,53,False,SOL/USDT,SOL
2025-04-10 17:00:00,36,False,SOL/USDT,SOL
2025-04-10 18:00:00,42,False,SOL/USDT,SOL
2025-04-10 19:00:00,0,False,SOL/USDT,SOL
2025-04-10 20:00:00,38,False,SOL/USDT,SOL
2025-04-10 21:00:00,73,False,SOL/USDT,SOL
2025-04-10 22:00:00,91,False,SOL/USDT,SOL
2025-04-10 23:00:00,0,False,SOL/USDT,SOL
2025-04-11 00:00:00,52,False,SOL/USDT,SOL
2025-04-11 01:00:00,0,False,SOL/USDT,SOL
2025-04-11 02:00:00,56,False,SOL/USDT,SOL
2025-04-11 03:00:00,0,False,SOL/USDT,SOL
2025-04-11 04:00:00,0,False,SOL/USDT,SOL
2025-04-11 05:00:00,0,False,SOL/USDT,SOL
2025-04-11 06:00:00,0,False,SOL/USDT,SOL
2025-04-11 07:00:00,0,False,SOL/USDT,SOL
2025-04-11 08:00:00,0,False,SOL/USDT,SOL
2025-04-11 09:00:00,45,False,SOL/USDT,SOL
2025-04-11 10:00:00,0,False,SOL/USDT,SOL
2025-04-11 11:00:00,37,False,SOL/USDT,SOL
2025-04-11 12:00:00,54,False,SOL/USDT,SOL
2025-04-11 13:00:00,34,False,SOL/USDT,SOL
2025-04-11 14:00:00,30,False,SOL/USDT,SOL
2025-04-11 15:00:00,39,False,SOL/USDT,SOL
2025-04-11 16:00:00,47,False,SOL/USDT,SOL
2025-04-11 17:00:00,46,False,SOL/USDT,SOL
2025-04-11 18:00:00,43,False,SOL/USDT,SOL
2025-04-11 19:00:00,41,False,SOL/USDT,SOL
2025-04-11 20:00:00,38,False,SOL/USDT,SOL
2025-04-11 21:00:00,45,False,SOL/USDT,SOL
2025-04-11 22:00:00,50,False,SOL/USDT,SOL
2025-04-11 23:00:00,57,False,SOL/USDT,SOL
2025-04-12 00:00:00,0,False,SOL/USDT,SOL
2025-04-12 01:00:00,60,False,SOL/USDT,SOL
2025-04-12 02:00:00,53,False,SOL/USDT,SOL
2025-04-12 03:00:00,67,False,SOL/USDT,SOL
2025-04-12 04:00:00,0,False,SOL/USDT,SOL
2025-04-12 05:00:00,0,False,SOL/USDT,SOL
2025-04-12 06:00:00,64,False,SOL/USDT,SOL
2025-04-12 07:00:00,0,False,SOL/USDT,SOL
2025-04-12 08:00:00,0,False,SOL/USDT,SOL
2025-04-12 09:00:00,0,False,SOL/USDT,SOL
2025-04-12 10:00:00,0,False,SOL/USDT,SOL
2025-04-12 11:00:00,50,False,SOL/USDT,SOL
2025-04-12 12:00:00,0,False,SOL/USDT,SOL
2025-04-12 13:00:00,37,False,SOL/USDT,SOL
2025-04-12 14:00:00,53,False,SOL/USDT,SOL
2025-04-12 15:00:00,71,False,SOL/USDT,SOL
2025-04-12 16:00:00,42,False,SOL/USDT,SOL
2025-04-12 17:00:00,36,False,SOL/USDT,SOL
2025-04-12 18:00:00,51,False,SOL/USDT,SOL
2025-04-12 19:00:00,0,False,SOL/USDT,SOL
2025-04-12 20:00:00,74,False,SOL/USDT,SOL
2025-04-12 21:00:00,93,False,SOL/USDT,SOL
2025-04-12 22:00:00,100,False,SOL/USDT,SOL
2025-04-12 23:00:00,68,False,SOL/USDT,SOL
2025-04-13 00:00:00,0,False,SOL/USDT,SOL
2025-04-13 01:00:00,0,False,SOL/USDT,SOL
2025-04-13 02:00:00,51,False,SOL/USDT,SOL
2025-04-13 03:00:00,0,False,SOL/USDT,SOL
2025-04-13 04:00:00,86,False,SOL/USDT,SOL
2025-04-13 05:00:00,0,False,SOL/USDT,SOL
2025-04-13 06:00:00,0,False,SOL/USDT,SOL
2025-04-13 07:00:00,0,False,SOL/USDT,SOL
2025-04-13 08:00:00,0,False,SOL/USDT,SOL
2025-04-13 09:00:00,59,False,SOL/USDT,SOL
2025-04-13 10:00:00,0,False,SOL/USDT,SOL
2025-04-13 11:00:00,0,False,SOL/USDT,SOL
2025-04-13 12:00:00,48,False,SOL/USDT,SOL
2025-04-13 13:00:00,0,False,SOL/USDT,SOL
2025-04-13 14:00:00,51,False,SOL/USDT,SOL
2025-04-13 15:00:00,33,False,SOL/USDT,SOL
2025-04-13 16:00:00,37,False,SOL/USDT,SOL
2025-04-13 17:00:00,36,False,SOL/USDT,SOL
2025-04-13 18:00:00,34,False,SOL/USDT,SOL
2025-04-13 19:00:00,74,False,SOL/USDT,SOL
2025-04-13 20:00:00,66,False,SOL/USDT,SOL
2025-04-13 21:00:00,75,False,SOL/USDT,SOL
2025-04-13 22:00:00,60,False,SOL/USDT,SOL
2025-04-13 23:00:00,81,False,SOL/USDT,SOL
2025-04-14 00:00:00,74,False,SOL/USDT,SOL
2025-04-14 01:00:00,0,True,SOL/USDT,SOL
2025-04-07 01:00:00,70,False,USDC/USDT,USDC
2025-04-07 02:00:00,0,False,USDC/USDT,USDC
2025-04-07 03:00:00,0,False,USDC/USDT,USDC
2025-04-07 04:00:00,0,False,USDC/USDT,USDC
2025-04-07 05:00:00,66,False,USDC/USDT,USDC
2025-04-07 06:00:00,59,False,USDC/USDT,USDC
2025-04-07 07:00:00,67,False,USDC/USDT,USDC
2025-04-07 08:00:00,67,False,USDC/USDT,USDC
2025-04-07 09:00:00,47,False,USDC/USDT,USDC
2025-04-07 10:00:00,46,False,USDC/USDT,USDC
2025-04-07 11:00:00,41,False,USDC/USDT,USDC
2025-04-07 12:00:00,41,False,USDC/USDT,USDC
2025-04-07 13:00:00,47,False,USDC/USDT,USDC
2025-04-07 14:00:00,73,False,USDC/USDT,USDC
2025-04-07 15:00:00,35,False,USDC/USDT,USDC
2025-04-07 16:00:00,55,False,USDC/USDT,USDC
2025-04-07 17:00:00,56,False,USDC/USDT,USDC
2025-04-07 18:00:00,43,False,USDC/USDT,USDC
2025-04-07 19:00:00,70,False,USDC/USDT,USDC
2025-04-07 20:00:00,87,False,USDC/USDT,USDC
2025-04-07 21:00:00,71,False,USDC/USDT,USDC
2025-04-07 22:00:00,65,False,USDC/USDT,USDC
2025-04-07 23:00:00,0,False,USDC/USDT,USDC
2025-04-08 00:00:00,73,False,USDC/USDT,USDC
2025-04-08 01:00:00,0,False,USDC/USDT,USDC
2025-04-08 02:00:00,0,False,USDC/USDT,USDC
2025-04-08 03:00:00,0,False,USDC/USDT,USDC
2025-04-08 04:00:00,0,False,USDC/USDT,USDC
2025-04-08 05:00:00,0,False,USDC/USDT,USDC
2025-04-08 06:00:00,0,False,USDC/USDT,USDC
2025-04-08 07:00:00,0,False,USDC/USDT,USDC
2025-04-08 08:00:00,0,False,USDC/USDT,USDC
2025-04-08 09:00:00,58,False,USDC/USDT,USDC
2025-04-08 10:00:00,0,False,USDC/USDT,USDC
2025-04-08 11:00:00,0,False,USDC/USDT,USDC
2025-04-08 12:00:00,40,False,USDC/USDT,USDC
2025-04-08 13:00:00,0,False,USDC/USDT,USDC
2025-04-08 14:00:00,47,False,USDC/USDT,USDC
2025-04-08 15:00:00,0,False,USDC/USDT,USDC
2025-04-08 16:00:00,0,False,USDC/USDT,USDC
2025-04-08 17:00:00,38,False,USDC/USDT,USDC
2025-04-08 18:00:00,37,False,USDC/USDT,USDC
2025-04-08 19:00:00,40,False,USDC/USDT,USDC
2025-04-08 20:00:00,0,False,USDC/USDT,USDC
2025-04-08 21:00:00,78,False,USDC/USDT,USDC
2025-04-08 22:00:00,95,False,USDC/USDT,USDC
2025-04-08 23:00:00,94,False,USDC/USDT,USDC
2025-04-09 00:00:00,0,False,USDC/USDT,USDC
2025-04-09 01:00:00,75,False,USDC/USDT,USDC
2025-04-09 02:00:00,67,False,USDC/USDT,USDC
2025-04-09 03:00:00,0,False,USDC/USDT,USDC
2025-04-09 04:00:00,0,False,USDC/USDT,USDC
2025-04-09 05:00:00,0,False,USDC/USDT,USDC
2025-04-09 06:00:00,0,False,USDC/USDT,USDC
2025-04-09 07:00:00,58,False,USDC/USDT,USDC
2025-04-09 08:00:00,0,False,USDC/USDT,USDC
2025-04-09 09:00:00,71,False,USDC/USDT,USDC
2025-04-09 10:00:00,0,False,USDC/USDT,USDC
2025-04-09 11:00:00,68,False,USDC/USDT,USDC
2025-04-09 12:00:00,0,False,USDC/USDT,USDC
2025-04-09 13:00:00,38,False,USDC/USDT,USDC
2025-04-09 14:00:00,60,False,USDC/USDT,USDC
2025-04-09 15:00:00,65,False,USDC/USDT,USDC
2025-04-09 16:00:00,52,False,USDC/USDT,USDC
2025-04-09 17:00:00,51,False,USDC/USDT,USDC
2025-04-09 18:00:00,49,False,USDC/USDT,USDC
2025-04-09 19:00:00,66,False,USDC/USDT,USDC
2025-04-09 20:00:00,84,False,USDC/USDT,USDC
2025-04-09 21:00:00,0,False,USDC/USDT,USDC
2025-04-09 22:00:00,78,False,USDC/USDT,USDC
2025-04-09 23:00:00,0,False,USDC/USDT,USDC
2025-04-10 00:00:00,0,False,USDC/USDT,USDC
2025-04-10 01:00:00,62,False,USDC/USDT,USDC
2025-04-10 02:00:00,100,False,USDC/USDT,USDC
2025-04-10 03:00:00,0,False,USDC/USDT,USDC
2025-04-10 04:00:00,69,False,USDC/USDT,USDC
2025-04-10 05:00:00,0,False,USDC/USDT,USDC
2025-04-10 06:00:00,0,False,USDC/USDT,USDC
2025-04-10 07:00:00,76,False,USDC/USDT,USDC
2025-04-10 08:00:00,64,False,USDC/USDT,USDC
2025-04-10 09:00:00,0,False,USDC/USDT,USDC
2025-04-10 10:00:00,57,False,USDC/USDT,USDC
2025-04-10 11:00:00,46,False,USDC/USDT,USDC
2025-04-10 12:00:00,38,False,USDC/USDT,USDC
2025-04-10 13:00:00,67,False,USDC/USDT,USDC
2025-04-10 14:00:00,42,False,USDC/USDT,USDC
2025-04-10 15:00:00,68,False,USDC/USDT,USDC
2025-04-10 16:00:00,60,False,USDC/USDT,USDC
2025-04-10 17:00:00,42,False,USDC/USDT,USDC
2025-04-10 18:00:00,100,False,USDC/USDT,USDC
2025-04-10 19:00:00,64,False,USDC/USDT,USDC
2025-04-10 20:00:00,53,False,USDC/USDT,USDC
2025-04-10 21:00:00,83,False,USDC/USDT,USDC
2025-04-10 22:00:00,78,False,USDC/USDT,USDC
2025-04-10 23:00:00,63,False,USDC/USDT,USDC
2025-04-11 00:00:00,0,False,USDC/USDT,USDC
2025-04-11 01:00:00,0,False,USDC/USDT,USDC
2025-04-11 02:00:00,94,False,USDC/USDT,USDC
2025-04-11 03:00:00,0,False,USDC/USDT,USDC
2025-04-11 04:00:00,0,False,USDC/USDT,USDC
2025-04-11 05:00:00,0,False,USDC/USDT,USDC
2025-04-11 06:00:00,0,False,USDC/USDT,USDC
2025-04-11 07:00:00,0,False,USDC/USDT,USDC
2025-04-11 08:00:00,52,False,USDC/USDT,USDC
2025-04-11 09:00:00,0,False,USDC/USDT,USDC
2025-04-11 10:00:00,53,False,USDC/USDT,USDC
2025-04-11 11:00:00,49,False,USDC/USDT,USDC
2025-04-11 12:00:00,0,False,USDC/USDT,USDC
2025-04-11 13:00:00,40,False,USDC/USDT,USDC
2025-04-11 14:00:00,41,False,USDC/USDT,USDC
2025-04-11 15:00:00,0,False,USDC/USDT,USDC
2025-04-11 16:00:00,81,False,USDC/USDT,USDC
2025-04-11 17:00:00,38,False,USDC/USDT,USDC
2025-04-11 18:00:00,46,False,USDC/USDT,USDC
2025-04-11 19:00:00,0,False,USDC/USDT,USDC
2025-04-11 20:00:00,0,False,USDC/USDT,USDC
2025-04-11 21:00:00,80,False,USDC/USDT,USDC
2025-04-11 22:00:00,0,False,USDC/USDT,USDC
2025-04-11 23:00:00,0,False,USDC/USDT,USDC
2025-04-12 00:00:00,0,False,USDC/USDT,USDC
2025-04-12 01:00:00,82,False,USDC/USDT,USDC
2025-04-12 02:00:00,0,False,USDC/USDT,USDC
2025-04-12 03:00:00,0,False,USDC/USDT,USDC
2025-04-12 04:00:00,0,False,USDC/USDT,USDC
2025-04-12 05:00:00,0,False,USDC/USDT,USDC
2025-04-12 06:00:00,0,False,USDC/USDT,USDC
2025-04-12 07:00:00,0,False,USDC/USDT,USDC
2025-04-12 08:00:00,0,False,USDC/USDT,USDC
2025-04-12 09:00:00,0,False,USDC/USDT,USDC
2025-04-12 10:00:00,0,False,USDC/USDT,USDC
2025-04-12 11:00:00,0,False,USDC/USDT,USDC
2025-04-12 12:00:00,49,False,USDC/USDT,USDC
2025-04-12 13:00:00,0,False,USDC/USDT,USDC
2025-04-12 14:00:00,42,False,USDC/USDT,USDC
2025-04-12 15:00:00,54,False,USDC/USDT,USDC
2025-04-12 16:00:00,42,False,USDC/USDT,USDC
2025-04-12 17:00:00,0,False,USDC/USDT,USDC
2025-04-12 18:00:00,0,False,USDC/USDT,USDC
2025-04-12 19:00:00,0,False,USDC/USDT,USDC
2025-04-12 20:00:00,77,False,USDC/USDT,USDC
2025-04-12 21:00:00,0,False,USDC/USDT,USDC
2025-04-12 22:00:00,64,False,USDC/USDT,USDC
2025-04-12 23:00:00,90,False,USDC/USDT,USDC
2025-04-13 00:00:00,71,False,USDC/USDT,USDC
2025-04-13 01:00:00,0,False,USDC/USDT,USDC
2025-04-13 02:00:00,81,False,USDC/USDT,USDC
2025-04-13 03:00:00,0,False,USDC/USDT,USDC
2025-04-13 04:00:00,0,False,USDC/USDT,USDC
2025-04-13 05:00:00,0,False,USDC/USDT,USDC
2025-04-13 06:00:00,0,False,USDC/USDT,USDC
2025-04-13 07:00:00,0,False,USDC/USDT,USDC
2025-04-13 08:00:00,79,False,USDC/USDT,USDC
2025-04-13 09:00:00,66,False,USDC/USDT,USDC
2025-04-13 10:00:00,0,False,USDC/USDT,USDC
2025-04-13 11:00:00,0,False,USDC/USDT,USDC
2025-04-13 12:00:00,79,False,USDC/USDT,USDC
2025-04-13 13:00:00,0,False,USDC/USDT,USDC
2025-04-13 14:00:00,0,False,USDC/USDT,USDC
2025-04-13 15:00:00,56,False,USDC/USDT,USDC
2025-04-13 16:00:00,0,False,USDC/USDT,USDC
2025-04-13 17:00:00,0,False,USDC/USDT,USDC
2025-04-13 18:00:00,0,False,USDC/USDT,USDC
2025-04-13 19:00:00,0,False,USDC/USDT,USDC
2025-04-13 20:00:00,0,False,USDC/USDT,USDC
2025-04-13 21:00:00,61,False,USDC/USDT,USDC
2025-04-13 22:00:00,0,False,USDC/USDT,USDC
2025-04-13 23:00:00,0,False,USDC/USDT,USDC
2025-04-14 00:00:00,60,False,USDC/USDT,USDC
2025-04-14 01:00:00,0,True,USDC/USDT,USDC
2025-04-07 01:00:00,41,False,DOGE/USDT,DOGE
2025-04-07 02:00:00,42,False,DOGE/USDT,DOGE
2025-04-07 03:00:00,0,False,DOGE/USDT,DOGE
2025-04-07 04:00:00,58,False,DOGE/USDT,DOGE
2025-04-07 05:00:00,69,False,DOGE/USDT,DOGE
2025-04-07 06:00:00,69,False,DOGE/USDT,DOGE
2025-04-07 07:00:00,54,False,DOGE/USDT,DOGE
2025-04-07 08:00:00,55,False,DOGE/USDT,DOGE
2025-04-07 09:00:00,45,False,DOGE/USDT,DOGE
2025-04-07 10:00:00,63,False,DOGE/USDT,DOGE
2025-04-07 11:00:00,60,False,DOGE/USDT,DOGE
2025-04-07 12:00:00,40,False,DOGE/USDT,DOGE
2025-04-07 13:00:00,55,False,DOGE/USDT,DOGE
2025-04-07 14:00:00,67,False,DOGE/USDT,DOGE
2025-04-07 15:00:00,74,False,DOGE/USDT,DOGE
2025-04-07 16:00:00,78,False,DOGE/USDT,DOGE
2025-04-07 17:00:00,65,False,DOGE/USDT,DOGE
2025-04-07 18:00:00,57,False,DOGE/USDT,DOGE
2025-04-07 19:00:00,58,False,DOGE/USDT,DOGE
2025-04-07 20:00:00,60,False,DOGE/USDT,DOGE
2025-04-07 21:00:00,0,False,DOGE/USDT,DOGE
2025-04-07 22:00:00,52,False,DOGE/USDT,DOGE
2025-04-07 23:00:00,0,False,DOGE/USDT,DOGE
2025-04-08 00:00:00,51,False,DOGE/USDT,DOGE
2025-04-08 01:00:00,39,False,DOGE/USDT,DOGE
2025-04-08 02:00:00,64,False,DOGE/USDT,DOGE
2025-04-08 03:00:00,60,False,DOGE/USDT,DOGE
2025-04-08 04:00:00,61,False,DOGE/USDT,DOGE
2025-04-08 05:00:00,0,False,DOGE/USDT,DOGE
2025-04-08 06:00:00,0,False,DOGE/USDT,DOGE
2025-04-08 07:00:00,0,False,DOGE/USDT,DOGE
2025-04-08 08:00:00,48,False,DOGE/USDT,DOGE
2025-04-08 09:00:00,78,False,DOGE/USDT,DOGE
2025-04-08 10:00:00,0,False,DOGE/USDT,DOGE
2025-04-08 11:00:00,73,False,DOGE/USDT,DOGE
2025-04-08 12:00:00,26,False,DOGE/USDT,DOGE
2025-04-08 13:00:00,39,False,DOGE/USDT,DOGE
2025-04-08 14:00:00,45,False,DOGE/USDT,DOGE
2025-04-08 15:00:00,35,False,DOGE/USDT,DOGE
2025-04-08 16:00:00,61,False,DOGE/USDT,DOGE
2025-04-08 17:00:00,53,False,DOGE/USDT,DOGE
2025-04-08 18:00:00,57,False,DOGE/USDT,DOGE
2025-04-08 19:00:00,64,False,DOGE/USDT,DOGE
2025-04-08 20:00:00,69,False,DOGE/USDT,DOGE
2025-04-08 21:00:00,54,False,DOGE/USDT,DOGE
2025-04-08 22:00:00,41,False,DOGE/USDT,DOGE
2025-04-08 23:00:00,52,False,DOGE/USDT,DOGE
2025-04-09 00:00:00,46,False,DOGE/USDT,DOGE
2025-04-09 01:00:00,100,False,DOGE/USDT,DOGE
2025-04-09 02:00:00,0,False,DOGE/USDT,DOGE
2025-04-09 03:00:00,55,False,DOGE/USDT,DOGE
2025-04-09 04:00:00,0,False,DOGE/USDT,DOGE
2025-04-09 05:00:00,49,False,DOGE/USDT,DOGE
2025-04-09 06:00:00,49,False,DOGE/USDT,DOGE
2025-04-09 07:00:00,34,False,DOGE/USDT,DOGE
2025-04-09 08:00:00,0,False,DOGE/USDT,DOGE
2025-04-09 09:00:00,42,False,DOGE/USDT,DOGE
2025-04-09 10:00:00,36,False,DOGE/USDT,DOGE
2025-04-09 11:00:00,0,False,DOGE/USDT,DOGE
2025-04-09 12:00:00,35,False,DOGE/USDT,DOGE
2025-04-09 13:00:00,0,False,DOGE/USDT,DOGE
2025-04-09 14:00:00,50,False,DOGE/USDT,DOGE
2025-04-09 15:00:00,29,False,DOGE/USDT,DOGE
2025-04-09 16:00:00,30,False,DOGE/USDT,DOGE
2025-04-09 17:00:00,62,False,DOGE/USDT,DOGE
2025-04-09 18:00:00,85,False,DOGE/USDT,DOGE
2025-04-09 19:00:00,62,False,DOGE/USDT,DOGE
2025-04-09 20:00:00,77,False,DOGE/USDT,DOGE
2025-04-09 21:00:00,85,False,DOGE/USDT,DOGE
2025-04-09 22:00:00,70,False,DOGE/USDT,DOGE
2025-04-09 23:00:00,66,False,DOGE/USDT,DOGE
2025-04-10 00:00:00,59,False,DOGE/USDT,DOGE
2025-04-10 01:00:00,0,False,DOGE/USDT,DOGE
2025-04-10 02:00:00,0,False,DOGE/USDT,DOGE
2025-04-10 03:00:00,66,False,DOGE/USDT,DOGE
2025-04-10 04:00:00,53,False,DOGE/USDT,DOGE
2025-04-10 05:00:00,0,False,DOGE/USDT,DOGE
2025-04-10 06:00:00,59,False,DOGE/USDT,DOGE
2025-04-10 07:00:00,47,False,DOGE/USDT,DOGE
2025-04-10 08:00:00,45,False,DOGE/USDT,DOGE
2025-04-10 09:00:00,39,False,DOGE/USDT,DOGE
2025-04-10 10:00:00,39,False,DOGE/USDT,DOGE
2025-04-10 11:00:00,85,False,DOGE/USDT,DOGE
2025-04-10 12:00:00,33,False,DOGE/USDT,DOGE
2025-04-10 13:00:00,57,False,DOGE/USDT,DOGE
2025-04-10 14:00:00,49,False,DOGE/USDT,DOGE
2025-04-10 15:00:00,46,False,DOGE/USDT,DOGE
2025-04-10 16:00:00,31,False,DOGE/USDT,DOGE
2025-04-10 17:00:00,33,False,DOGE/USDT,DOGE
2025-04-10 18:00:00,45,False,DOGE/USDT,DOGE
2025-04-10 19:00:00,32,False,DOGE/USDT,DOGE
2025-04-10 20:00:00,43,False,DOGE/USDT,DOGE
2025-04-10 21:00:00,0,False,DOGE/USDT,DOGE
2025-04-10 22:00:00,70,False,DOGE/USDT,DOGE
2025-04-10 23:00:00,58,False,DOGE/USDT,DOGE
2025-04-11 00:00:00,50,False,DOGE/USDT,DOGE
2025-04-11 01:00:00,51,False,DOGE/USDT,DOGE
2025-04-11 02:00:00,67,False,DOGE/USDT,DOGE
2025-04-11 03:00:00,43,False,DOGE/USDT,DOGE
2025-04-11 04:00:00,47,False,DOGE/USDT,DOGE
2025-04-11 05:00:00,0,False,DOGE/USDT,DOGE
2025-04-11 06:00:00,0,False,DOGE/USDT,DOGE
2025-04-11 07:00:00,0,False,DOGE/USDT,DOGE
2025-04-11 08:00:00,54,False,DOGE/USDT,DOGE
2025-04-11 09:00:00,36,False,DOGE/USDT,DOGE
2025-04-11 10:00:00,0,False,DOGE/USDT,DOGE
2025-04-11 11:00:00,31,False,DOGE/USDT,DOGE
2025-04-11 12:00:00,33,False,DOGE/USDT,DOGE
2025-04-11 13:00:00,42,False,DOGE/USDT,DOGE
2025-04-11 14:00:00,36,False,DOGE/USDT,DOGE
2025-04-11 15:00:00,30,False,DOGE/USDT,DOGE
2025-04-11 16:00:00,38,False,DOGE/USDT,DOGE
2025-04-11 17:00:00,38,False,DOGE/USDT,DOGE
2025-04-11 18:00:00,52,False,DOGE/USDT,DOGE
2025-04-11 19:00:00,38,False,DOGE/USDT,DOGE
2025-04-11 20:00:00,38,False,DOGE/USDT,DOGE
2025-04-11 21:00:00,74,False,DOGE/USDT,DOGE
2025-04-11 22:00:00,68,False,DOGE/USDT,DOGE
2025-04-11 23:00:00,64,False,DOGE/USDT,DOGE
2025-04-12 00:00:00,0,False,DOGE/USDT,DOGE
2025-04-12 01:00:00,0,False,DOGE/USDT,DOGE
2025-04-12 02:00:00,0,False,DOGE/USDT,DOGE
2025-04-12 03:00:00,0,False,DOGE/USDT,DOGE
2025-04-12 04:00:00,47,False,DOGE/USDT,DOGE
2025-04-12 05:00:00,0,False,DOGE/USDT,DOGE
2025-04-12 06:00:00,0,False,DOGE/USDT,DOGE
2025-04-12 07:00:00,0,False,DOGE/USDT,DOGE
2025-04-12 08:00:00,43,False,DOGE/USDT,DOGE
2025-04-12 09:00:00,0,False,DOGE/USDT,DOGE
2025-04-12 10:00:00,0,False,DOGE/USDT,DOGE
2025-04-12 11:00:00,0,False,DOGE/USDT,DOGE
2025-04-12 12:00:00,34,False,DOGE/USDT,DOGE
2025-04-12 13:00:00,0,False,DOGE/USDT,DOGE
2025-04-12 14:00:00,34,False,DOGE/USDT,DOGE
2025-04-12 15:00:00,42,False,DOGE/USDT,DOGE
2025-04-12 16:00:00,39,False,DOGE/USDT,DOGE
2025-04-12 17:00:00,39,False,DOGE/USDT,DOGE
2025-04-12 18:00:00,54,False,DOGE/USDT,DOGE
2025-04-12 19:00:00,52,False,DOGE/USDT,DOGE
2025-04-12 20:00:00,43,False,DOGE/USDT,DOGE
2025-04-12 21:00:00,56,False,DOGE/USDT,DOGE
2025-04-12 22:00:00,0,False,DOGE/USDT,DOGE
2025-04-12 23:00:00,0,False,DOGE/USDT,DOGE
2025-04-13 00:00:00,0,False,DOGE/USDT,DOGE
2025-04-13 01:00:00,46,False,DOGE/USDT,DOGE
2025-04-13 02:00:00,0,False,DOGE/USDT,DOGE
2025-04-13 03:00:00,0,False,DOGE/USDT,DOGE
2025-04-13 04:00:00,0,False,DOGE/USDT,DOGE
2025-04-13 05:00:00,0,False,DOGE/USDT,DOGE
2025-04-13 06:00:00,0,False,DOGE/USDT,DOGE
2025-04-13 07:00:00,53,False,DOGE/USDT,DOGE
2025-04-13 08:00:00,0,False,DOGE/USDT,DOGE
2025-04-13 09:00:00,0,False,DOGE/USDT,DOGE
2025-04-13 10:00:00,0,False,DOGE/USDT,DOGE
2025-04-13 11:00:00,0,False,DOGE/USDT,DOGE
2025-04-13 12:00:00,47,False,DOGE/USDT,DOGE
2025-04-13 13:00:00,35,False,DOGE/USDT,DOGE
2025-04-13 14:00:00,0,False,DOGE/USDT,DOGE
2025-04-13 15:00:00,0,False,DOGE/USDT,DOGE
2025-04-13 16:00:00,0,False,DOGE/USDT,DOGE
2025-04-13 17:00:00,46,False,DOGE/USDT,DOGE
2025-04-13 18:00:00,32,False,DOGE/USDT,DOGE
2025-04-13 19:00:00,39,False,DOGE/USDT,DOGE
2025-04-13 20:00:00,0,False,DOGE/USDT,DOGE
2025-04-13 21:00:00,0,False,DOGE/USDT,DOGE
2025-04-13 22:00:00,0,False,DOGE/USDT,DOGE
2025-04-13 23:00:00,0,False,DOGE/USDT,DOGE
2025-04-14 00:00:00,47,False,DOGE/USDT,DOGE
2025-04-14 01:00:00,0,True,DOGE/USDT,DOGE
2025-04-07 01:00:00,0,False,TRX/USDT,TRX
2025-04-07 02:00:00,0,False,TRX/USDT,TRX
2025-04-07 03:00:00,0,False,TRX/USDT,TRX
2025-04-07 04:00:00,0,False,TRX/USDT,TRX
2025-04-07 05:00:00,0,False,TRX/USDT,TRX
2025-04-07 06:00:00,0,False,TRX/USDT,TRX
2025-04-07 07:00:00,0,False,TRX/USDT,TRX
2025-04-07 08:00:00,0,False,TRX/USDT,TRX
2025-04-07 09:00:00,0,False,TRX/USDT,TRX
2025-04-07 10:00:00,54,False,TRX/USDT,TRX
2025-04-07 11:00:00,0,False,TRX/USDT,TRX
2025-04-07 12:00:00,0,False,TRX/USDT,TRX
2025-04-07 13:00:00,0,False,TRX/USDT,TRX
2025-04-07 14:00:00,0,False,TRX/USDT,TRX
2025-04-07 15:00:00,0,False,TRX/USDT,TRX
2025-04-07 16:00:00,0,False,TRX/USDT,TRX
2025-04-07 17:00:00,0,False,TRX/USDT,TRX
2025-04-07 18:00:00,0,False,TRX/USDT,TRX
2025-04-07 19:00:00,0,False,TRX/USDT,TRX
2025-04-07 20:00:00,0,False,TRX/USDT,TRX
2025-04-07 21:00:00,0,False,TRX/USDT,TRX
2025-04-07 22:00:00,0,False,TRX/USDT,TRX
2025-04-07 23:00:00,0,False,TRX/USDT,TRX
2025-04-08 00:00:00,0,False,TRX/USDT,TRX
2025-04-08 01:00:00,0,False,TRX/USDT,TRX
2025-04-08 02:00:00,0,False,TRX/USDT,TRX
2025-04-08 03:00:00,0,False,TRX/USDT,TRX
2025-04-08 04:00:00,0,False,TRX/USDT,TRX
2025-04-08 05:00:00,0,False,TRX/USDT,TRX
2025-04-08 06:00:00,0,False,TRX/USDT,TRX
2025-04-08 07:00:00,0,False,TRX/USDT,TRX
2025-04-08 08:00:00,0,False,TRX/USDT,TRX
2025-04-08 09:00:00,0,False,TRX/USDT,TRX
2025-04-08 10:00:00,0,False,TRX/USDT,TRX
2025-04-08 11:00:00,0,False,TRX/USDT,TRX
2025-04-08 12:00:00,0,False,TRX/USDT,TRX
2025-04-08 13:00:00,47,False,TRX/USDT,TRX
2025-04-08 14:00:00,0,False,TRX/USDT,TRX
2025-04-08 15:00:00,0,False,TRX/USDT,TRX
2025-04-08 16:00:00,0,False,TRX/USDT,TRX
2025-04-08 17:00:00,0,False,TRX/USDT,TRX
2025-04-08 18:00:00,0,False,TRX/USDT,TRX
2025-04-08 19:00:00,51,False,TRX/USDT,TRX
2025-04-08 20:00:00,0,False,TRX/USDT,TRX
2025-04-08 21:00:00,0,False,TRX/USDT,TRX
2025-04-08 22:00:00,0,False,TRX/USDT,TRX
2025-04-08 23:00:00,0,False,TRX/USDT,TRX
2025-04-09 00:00:00,0,False,TRX/USDT,TRX
2025-04-09 01:00:00,0,False,TRX/USDT,TRX
2025-04-09 02:00:00,100,False,TRX/USDT,TRX
2025-04-09 03:00:00,0,False,TRX/USDT,TRX
2025-04-09 04:00:00,0,False,TRX/USDT,TRX
2025-04-09 05:00:00,0,False,TRX/USDT,TRX
2025-04-09 06:00:00,0,False,TRX/USDT,TRX
2025-04-09 07:00:00,0,False,TRX/USDT,TRX
2025-04-09 08:00:00,0,False,TRX/USDT,TRX
2025-04-09 09:00:00,0,False,TRX/USDT,TRX
2025-04-09 10:00:00,0,False,TRX/USDT,TRX
2025-04-09 11:00:00,0,False,TRX/USDT,TRX
2025-04-09 12:00:00,57,False,TRX/USDT,TRX
2025-04-09 13:00:00,0,False,TRX/USDT,TRX
2025-04-09 14:00:00,41,False,TRX/USDT,TRX
2025-04-09 15:00:00,49,False,TRX/USDT,TRX
2025-04-09 16:00:00,68,False,TRX/USDT,TRX
2025-04-09 17:00:00,0,False,TRX/USDT,TRX
2025-04-09 18:00:00,47,False,TRX/USDT,TRX
2025-04-09 19:00:00,0,False,TRX/USDT,TRX
2025-04-09 20:00:00,0,False,TRX/USDT,TRX
2025-04-09 21:00:00,0,False,TRX/USDT,TRX
2025-04-09 22:00:00,93,False,TRX/USDT,TRX
2025-04-09 23:00:00,0,False,TRX/USDT,TRX
2025-04-10 00:00:00,0,False,TRX/USDT,TRX
2025-04-10 01:00:00,0,False,TRX/USDT,TRX
2025-04-10 02:00:00,0,False,TRX/USDT,TRX
2025-04-10 03:00:00,0,False,TRX/USDT,TRX
2025-04-10 04:00:00,0,False,TRX/USDT,TRX
2025-04-10 05:00:00,0,False,TRX/USDT,TRX
2025-04-10 06:00:00,0,False,TRX/USDT,TRX
2025-04-10 07:00:00,83,False,TRX/USDT,TRX
2025-04-10 08:00:00,0,False,TRX/USDT,TRX
2025-04-10 09:00:00,94,False,TRX/USDT,TRX
2025-04-10 10:00:00,61,False,TRX/USDT,TRX
2025-04-10 11:00:00,0,False,TRX/USDT,TRX
2025-04-10 12:00:00,0,False,TRX/USDT,TRX
2025-04-10 13:00:00,0,False,TRX/USDT,TRX
2025-04-10 14:00:00,0,False,TRX/USDT,TRX
2025-04-10 15:00:00,0,False,TRX/USDT,TRX
2025-04-10 16:00:00,57,False,TRX/USDT,TRX
2025-04-10 17:00:00,0,False,TRX/USDT,TRX
2025-04-10 18:00:00,56,False,TRX/USDT,TRX
2025-04-10 19:00:00,0,False,TRX/USDT,TRX
2025-04-10 20:00:00,0,False,TRX/USDT,TRX
2025-04-10 21:00:00,0,False,TRX/USDT,TRX
2025-04-10 22:00:00,0,False,TRX/USDT,TRX
2025-04-10 23:00:00,0,False,TRX/USDT,TRX
2025-04-11 00:00:00,0,False,TRX/USDT,TRX
2025-04-11 01:00:00,0,False,TRX/USDT,TRX
2025-04-11 02:00:00,0,False,TRX/USDT,TRX
2025-04-11 03:00:00,0,False,TRX/USDT,TRX
2025-04-11 04:00:00,0,False,TRX/USDT,TRX
2025-04-11 05:00:00,0,False,TRX/USDT,TRX
2025-04-11 06:00:00,0,False,TRX/USDT,TRX
2025-04-11 07:00:00,0,False,TRX/USDT,TRX
2025-04-11 08:00:00,0,False,TRX/USDT,TRX
2025-04-11 09:00:00,0,False,TRX/USDT,TRX
2025-04-11 10:00:00,0,False,TRX/USDT,TRX
2025-04-11 11:00:00,0,False,TRX/USDT,TRX
2025-04-11 12:00:00,55,False,TRX/USDT,TRX
2025-04-11 13:00:00,0,False,TRX/USDT,TRX
2025-04-11 14:00:00,0,False,TRX/USDT,TRX
2025-04-11 15:00:00,0,False,TRX/USDT,TRX
2025-04-11 16:00:00,0,False,TRX/USDT,TRX
2025-04-11 17:00:00,0,False,TRX/USDT,TRX
2025-04-11 18:00:00,0,False,TRX/USDT,TRX
2025-04-11 19:00:00,0,False,TRX/USDT,TRX
2025-04-11 20:00:00,73,False,TRX/USDT,TRX
2025-04-11 21:00:00,0,False,TRX/USDT,TRX
2025-04-11 22:00:00,0,False,TRX/USDT,TRX
2025-04-11 23:00:00,0,False,TRX/USDT,TRX
2025-04-12 00:00:00,0,False,TRX/USDT,TRX
2025-04-12 01:00:00,0,False,TRX/USDT,TRX
2025-04-12 02:00:00,0,False,TRX/USDT,TRX
2025-04-12 03:00:00,0,False,TRX/USDT,TRX
2025-04-12 04:00:00,0,False,TRX/USDT,TRX
2025-04-12 05:00:00,0,False,TRX/USDT,TRX
2025-04-12 06:00:00,0,False,TRX/USDT,TRX
2025-04-12 07:00:00,0,False,TRX/USDT,TRX
2025-04-12 08:00:00,0,False,TRX/USDT,TRX
2025-04-12 09:00:00,0,False,TRX/USDT,TRX
2025-04-12 10:00:00,0,False,TRX/USDT,TRX
2025-04-12 11:00:00,0,False,TRX/USDT,TRX
2025-04-12 12:00:00,0,False,TRX/USDT,TRX
2025-04-12 13:00:00,0,False,TRX/USDT,TRX
2025-04-12 14:00:00,0,False,TRX/USDT,TRX
2025-04-12 15:00:00,0,False,TRX/USDT,TRX
2025-04-12 16:00:00,0,False,TRX/USDT,TRX
2025-04-12 17:00:00,0,False,TRX/USDT,TRX
2025-04-12 18:00:00,0,False,TRX/USDT,TRX
2025-04-12 19:00:00,0,False,TRX/USDT,TRX
2025-04-12 20:00:00,0,False,TRX/USDT,TRX
2025-04-12 21:00:00,0,False,TRX/USDT,TRX
2025-04-12 22:00:00,0,False,TRX/USDT,TRX
2025-04-12 23:00:00,0,False,TRX/USDT,TRX
2025-04-13 00:00:00,0,False,TRX/USDT,TRX
2025-04-13 01:00:00,0,False,TRX/USDT,TRX
2025-04-13 02:00:00,0,False,TRX/USDT,TRX
2025-04-13 03:00:00,0,False,TRX/USDT,TRX
2025-04-13 04:00:00,0,False,TRX/USDT,TRX
2025-04-13 05:00:00,0,False,TRX/USDT,TRX
2025-04-13 06:00:00,0,False,TRX/USDT,TRX
2025-04-13 07:00:00,0,False,TRX/USDT,TRX
2025-04-13 08:00:00,0,False,TRX/USDT,TRX
2025-04-13 09:00:00,0,False,TRX/USDT,TRX
2025-04-13 10:00:00,80,False,TRX/USDT,TRX
2025-04-13 11:00:00,0,False,TRX/USDT,TRX
2025-04-13 12:00:00,0,False,TRX/USDT,TRX
2025-04-13 13:00:00,73,False,TRX/USDT,TRX
2025-04-13 14:00:00,0,False,TRX/USDT,TRX
2025-04-13 15:00:00,0,False,TRX/USDT,TRX
2025-04-13 16:00:00,0,False,TRX/USDT,TRX
2025-04-13 17:00:00,0,False,TRX/USDT,TRX
2025-04-13 18:00:00,0,False,TRX/USDT,TRX
2025-04-13 19:00:00,55,False,TRX/USDT,TRX
2025-04-13 20:00:00,0,False,TRX/USDT,TRX
2025-04-13 21:00:00,99,False,TRX/USDT,TRX
2025-04-13 22:00:00,0,False,TRX/USDT,TRX
2025-04-13 23:00:00,0,False,TRX/USDT,TRX
2025-04-14 00:00:00,0,False,TRX/USDT,TRX
2025-04-14 01:00:00,0,True,TRX/USDT,TRX
2025-04-07 01:00:00,65,False,ADA/USDT,ADA
2025-04-07 02:00:00,92,False,ADA/USDT,ADA
2025-04-07 03:00:00,77,False,ADA/USDT,ADA
2025-04-07 04:00:00,64,False,ADA/USDT,ADA
2025-04-07 05:00:00,67,False,ADA/USDT,ADA
2025-04-07 06:00:00,100,False,ADA/USDT,ADA
2025-04-07 07:00:00,96,False,ADA/USDT,ADA
2025-04-07 08:00:00,71,False,ADA/USDT,ADA
2025-04-07 09:00:00,55,False,ADA/USDT,ADA
2025-04-07 10:00:00,46,False,ADA/USDT,ADA
2025-04-07 11:00:00,50,False,ADA/USDT,ADA
2025-04-07 12:00:00,61,False,ADA/USDT,ADA
2025-04-07 13:00:00,45,False,ADA/USDT,ADA
2025-04-07 14:00:00,55,False,ADA/USDT,ADA
2025-04-07 15:00:00,55,False,ADA/USDT,ADA
2025-04-07 16:00:00,45,False,ADA/USDT,ADA
2025-04-07 17:00:00,54,False,ADA/USDT,ADA
2025-04-07 18:00:00,62,False,ADA/USDT,ADA
2025-04-07 19:00:00,54,False,ADA/USDT,ADA
2025-04-07 20:00:00,62,False,ADA/USDT,ADA
2025-04-07 21:00:00,61,False,ADA/USDT,ADA
2025-04-07 22:00:00,53,False,ADA/USDT,ADA
2025-04-07 23:00:00,50,False,ADA/USDT,ADA
2025-04-08 00:00:00,0,False,ADA/USDT,ADA
2025-04-08 01:00:00,47,False,ADA/USDT,ADA
2025-04-08 02:00:00,46,False,ADA/USDT,ADA
2025-04-08 03:00:00,0,False,ADA/USDT,ADA
2025-04-08 04:00:00,0,False,ADA/USDT,ADA
2025-04-08 05:00:00,54,False,ADA/USDT,ADA
2025-04-08 06:00:00,39,False,ADA/USDT,ADA
2025-04-08 07:00:00,34,False,ADA/USDT,ADA
2025-04-08 08:00:00,0,False,ADA/USDT,ADA
2025-04-08 09:00:00,32,False,ADA/USDT,ADA
2025-04-08 10:00:00,40,False,ADA/USDT,ADA
2025-04-08 11:00:00,50,False,ADA/USDT,ADA
2025-04-08 12:00:00,46,False,ADA/USDT,ADA
2025-04-08 13:00:00,33,False,ADA/USDT,ADA
2025-04-08 14:00:00,58,False,ADA/USDT,ADA
2025-04-08 15:00:00,58,False,ADA/USDT,ADA
2025-04-08 16:00:00,43,False,ADA/USDT,ADA
2025-04-08 17:00:00,50,False,ADA/USDT,ADA
2025-04-08 18:00:00,57,False,ADA/USDT,ADA
2025-04-08 19:00:00,31,False,ADA/USDT,ADA
2025-04-08 20:00:00,31,False,ADA/USDT,ADA
2025-04-08 21:00:00,36,False,ADA/USDT,ADA
2025-04-08 22:00:00,0,False,ADA/USDT,ADA
2025-04-08 23:00:00,48,False,ADA/USDT,ADA
2025-04-09 00:00:00,0,False,ADA/USDT,ADA
2025-04-09 01:00:00,0,False,ADA/USDT,ADA
2025-04-09 02:00:00,45,False,ADA/USDT,ADA
2025-04-09 03:00:00,51,False,ADA/USDT,ADA
2025-04-09 04:00:00,66,False,ADA/USDT,ADA
2025-04-09 05:00:00,60,False,ADA/USDT,ADA
2025-04-09 06:00:00,55,False,ADA/USDT,ADA
2025-04-09 07:00:00,64,False,ADA/USDT,ADA
2025-04-09 08:00:00,43,False,ADA/USDT,ADA
2025-04-09 09:00:00,66,False,ADA/USDT,ADA
2025-04-09 10:00:00,38,False,ADA/USDT,ADA
2025-04-09 11:00:00,34,False,ADA/USDT,ADA
2025-04-09 12:00:00,28,False,ADA/USDT,ADA
2025-04-09 13:00:00,39,False,ADA/USDT,ADA
2025-04-09 14:00:00,48,False,ADA/USDT,ADA
2025-04-09 15:00:00,50,False,ADA/USDT,ADA
2025-04-09 16:00:00,31,False,ADA/USDT,ADA
2025-04-09 17:00:00,64,False,ADA/USDT,ADA
2025-04-09 18:00:00,83,False,ADA/USDT,ADA
2025-04-09 19:00:00,87,False,ADA/USDT,ADA
2025-04-09 20:00:00,77,False,ADA/USDT,ADA
2025-04-09 21:00:00,68,False,ADA/USDT,ADA
2025-04-09 22:00:00,90,False,ADA/USDT,ADA
2025-04-09 23:00:00,53,False,ADA/USDT,ADA
2025-04-10 00:00:00,45,False,ADA/USDT,ADA
2025-04-10 01:00:00,40,False,ADA/USDT,ADA
2025-04-10 02:00:00,55,False,ADA/USDT,ADA
2025-04-10 03:00:00,64,False,ADA/USDT,ADA
2025-04-10 04:00:00,49,False,ADA/USDT,ADA
2025-04-10 05:00:00,69,False,ADA/USDT,ADA
2025-04-10 06:00:00,38,False,ADA/USDT,ADA
2025-04-10 07:00:00,51,False,ADA/USDT,ADA
2025-04-10 08:00:00,48,False,ADA/USDT,ADA
2025-04-10 09:00:00,43,False,ADA/USDT,ADA
2025-04-10 10:00:00,0,False,ADA/USDT,ADA
2025-04-10 11:00:00,35,False,ADA/USDT,ADA
2025-04-10 12:00:00,34,False,ADA/USDT,ADA
2025-04-10 13:00:00,47,False,ADA/USDT,ADA
2025-04-10 14:00:00,37,False,ADA/USDT,ADA
2025-04-10 15:00:00,29,False,ADA/USDT,ADA
2025-04-10 16:00:00,49,False,ADA/USDT,ADA
2025-04-10 17:00:00,40,False,ADA/USDT,ADA
2025-04-10 18:00:00,45,False,ADA/USDT,ADA
2025-04-10 19:00:00,26,False,ADA/USDT,ADA
2025-04-10 20:00:00,30,False,ADA/USDT,ADA
2025-04-10 21:00:00,36,False,ADA/USDT,ADA
2025-04-10 22:00:00,39,False,ADA/USDT,ADA
2025-04-10 23:00:00,51,False,ADA/USDT,ADA
2025-04-11 00:00:00,43,False,ADA/USDT,ADA
2025-04-11 01:00:00,0,False,ADA/USDT,ADA
2025-04-11 02:00:00,0,False,ADA/USDT,ADA
2025-04-11 03:00:00,53,False,ADA/USDT,ADA
2025-04-11 04:00:00,46,False,ADA/USDT,ADA
2025-04-11 05:00:00,0,False,ADA/USDT,ADA
2025-04-11 06:00:00,43,False,ADA/USDT,ADA
2025-04-11 07:00:00,30,False,ADA/USDT,ADA
2025-04-11 08:00:00,42,False,ADA/USDT,ADA
2025-04-11 09:00:00,0,False,ADA/USDT,ADA
2025-04-11 10:00:00,33,False,ADA/USDT,ADA
2025-04-11 11:00:00,30,False,ADA/USDT,ADA
2025-04-11 12:00:00,31,False,ADA/USDT,ADA
2025-04-11 13:00:00,36,False,ADA/USDT,ADA
2025-04-11 14:00:00,40,False,ADA/USDT,ADA
2025-04-11 15:00:00,54,False,ADA/USDT,ADA
2025-04-11 16:00:00,41,False,ADA/USDT,ADA
2025-04-11 17:00:00,32,False,ADA/USDT,ADA
2025-04-11 18:00:00,66,False,ADA/USDT,ADA
2025-04-11 19:00:00,54,False,ADA/USDT,ADA
2025-04-11 20:00:00,49,False,ADA/USDT,ADA
2025-04-11 21:00:00,36,False,ADA/USDT,ADA
2025-04-11 22:00:00,54,False,ADA/USDT,ADA
2025-04-11 23:00:00,56,False,ADA/USDT,ADA
2025-04-12 00:00:00,0,False,ADA/USDT,ADA
2025-04-12 01:00:00,0,False,ADA/USDT,ADA
2025-04-12 02:00:00,52,False,ADA/USDT,ADA
2025-04-12 03:00:00,0,False,ADA/USDT,ADA
2025-04-12 04:00:00,45,False,ADA/USDT,ADA
2025-04-12 05:00:00,0,False,ADA/USDT,ADA
2025-04-12 06:00:00,0,False,ADA/USDT,ADA
2025-04-12 07:00:00,65,False,ADA/USDT,ADA
2025-04-12 08:00:00,0,False,ADA/USDT,ADA
2025-04-12 09:00:00,43,False,ADA/USDT,ADA
2025-04-12 10:00:00,0,False,ADA/USDT,ADA
2025-04-12 11:00:00,41,False,ADA/USDT,ADA
2025-04-12 12:00:00,65,False,ADA/USDT,ADA
2025-04-12 13:00:00,28,False,ADA/USDT,ADA
2025-04-12 14:00:00,45,False,ADA/USDT,ADA
2025-04-12 15:00:00,50,False,ADA/USDT,ADA
2025-04-12 16:00:00,61,False,ADA/USDT,ADA
2025-04-12 17:00:00,53,False,ADA/USDT,ADA
2025-04-12 18:00:00,0,False,ADA/USDT,ADA
2025-04-12 19:00:00,33,False,ADA/USDT,ADA
2025-04-12 20:00:00,42,False,ADA/USDT,ADA
2025-04-12 21:00:00,43,False,ADA/USDT,ADA
2025-04-12 22:00:00,0,False,ADA/USDT,ADA
2025-04-12 23:00:00,0,False,ADA/USDT,ADA
2025-04-13 00:00:00,0,False,ADA/USDT,ADA
2025-04-13 01:00:00,0,False,ADA/USDT,ADA
2025-04-13 02:00:00,55,False,ADA/USDT,ADA
2025-04-13 03:00:00,0,False,ADA/USDT,ADA
2025-04-13 04:00:00,43,False,ADA/USDT,ADA
2025-04-13 05:00:00,0,False,ADA/USDT,ADA
2025-04-13 06:00:00,69,False,ADA/USDT,ADA
2025-04-13 07:00:00,0,False,ADA/USDT,ADA
2025-04-13 08:00:00,0,False,ADA/USDT,ADA
2025-04-13 09:00:00,40,False,ADA/USDT,ADA
2025-04-13 10:00:00,31,False,ADA/USDT,ADA
2025-04-13 11:00:00,67,False,ADA/USDT,ADA
2025-04-13 12:00:00,36,False,ADA/USDT,ADA
2025-04-13 13:00:00,33,False,ADA/USDT,ADA
2025-04-13 14:00:00,66,False,ADA/USDT,ADA
2025-04-13 15:00:00,55,False,ADA/USDT,ADA
2025-04-13 16:00:00,0,False,ADA/USDT,ADA
2025-04-13 17:00:00,38,False,ADA/USDT,ADA
2025-04-13 18:00:00,33,False,ADA/USDT,ADA
2025-04-13 19:00:00,61,False,ADA/USDT,ADA
2025-04-13 20:00:00,32,False,ADA/USDT,ADA
2025-04-13 21:00:00,39,False,ADA/USDT,ADA
2025-04-13 22:00:00,54,False,ADA/USDT,ADA
2025-04-13 23:00:00,0,False,ADA/USDT,ADA
2025-04-14 00:00:00,42,False,ADA/USDT,ADA
2025-04-14 01:00:00,0,True,ADA/USDT,ADA
2025-04-07 01:00:00,0,False,WBTC/USDT,WBTC
2025-04-07 02:00:00,0,False,WBTC/USDT,WBTC
2025-04-07 03:00:00,0,False,WBTC/USDT,WBTC
2025-04-07 04:00:00,0,False,WBTC/USDT,WBTC
2025-04-07 05:00:00,0,False,WBTC/USDT,WBTC
2025-04-07 06:00:00,0,False,WBTC/USDT,WBTC
2025-04-07 07:00:00,0,False,WBTC/USDT,WBTC
2025-04-07 08:00:00,0,False,WBTC/USDT,WBTC
2025-04-07 09:00:00,0,False,WBTC/USDT,WBTC
2025-04-07 10:00:00,0,False,WBTC/USDT,WBTC
2025-04-07 11:00:00,0,False,WBTC/USDT,WBTC
2025-04-07 12:00:00,0,False,WBTC/USDT,WBTC
2025-04-07 13:00:00,0,False,WBTC/USDT,WBTC
2025-04-07 14:00:00,0,False,WBTC/USDT,WBTC
2025-04-07 15:00:00,0,False,WBTC/USDT,WBTC
2025-04-07 16:00:00,0,False,WBTC/USDT,WBTC
2025-04-07 17:00:00,0,False,WBTC/USDT,WBTC
2025-04-07 18:00:00,0,False,WBTC/USDT,WBTC
2025-04-07 19:00:00,0,False,WBTC/USDT,WBTC
2025-04-07 20:00:00,0,False,WBTC/USDT,WBTC
2025-04-07 21:00:00,0,False,WBTC/USDT,WBTC
2025-04-07 22:00:00,0,False,WBTC/USDT,WBTC
2025-04-07 23:00:00,0,False,WBTC/USDT,WBTC
2025-04-08 00:00:00,0,False,WBTC/USDT,WBTC
2025-04-08 01:00:00,0,False,WBTC/USDT,WBTC
2025-04-08 02:00:00,0,False,WBTC/USDT,WBTC
2025-04-08 03:00:00,0,False,WBTC/USDT,WBTC
2025-04-08 04:00:00,0,False,WBTC/USDT,WBTC
2025-04-08 05:00:00,0,False,WBTC/USDT,WBTC
2025-04-08 06:00:00,0,False,WBTC/USDT,WBTC
2025-04-08 07:00:00,0,False,WBTC/USDT,WBTC
2025-04-08 08:00:00,0,False,WBTC/USDT,WBTC
2025-04-08 09:00:00,0,False,WBTC/USDT,WBTC
2025-04-08 10:00:00,0,False,WBTC/USDT,WBTC
2025-04-08 11:00:00,0,False,WBTC/USDT,WBTC
2025-04-08 12:00:00,0,False,WBTC/USDT,WBTC
2025-04-08 13:00:00,0,False,WBTC/USDT,WBTC
2025-04-08 14:00:00,0,False,WBTC/USDT,WBTC
2025-04-08 15:00:00,0,False,WBTC/USDT,WBTC
2025-04-08 16:00:00,0,False,WBTC/USDT,WBTC
2025-04-08 17:00:00,0,False,WBTC/USDT,WBTC
2025-04-08 18:00:00,0,False,WBTC/USDT,WBTC
2025-04-08 19:00:00,0,False,WBTC/USDT,WBTC
2025-04-08 20:00:00,0,False,WBTC/USDT,WBTC
2025-04-08 21:00:00,0,False,WBTC/USDT,WBTC
2025-04-08 22:00:00,0,False,WBTC/USDT,WBTC
2025-04-08 23:00:00,0,False,WBTC/USDT,WBTC
2025-04-09 00:00:00,0,False,WBTC/USDT,WBTC
2025-04-09 01:00:00,0,False,WBTC/USDT,WBTC
2025-04-09 02:00:00,0,False,WBTC/USDT,WBTC
2025-04-09 03:00:00,0,False,WBTC/USDT,WBTC
2025-04-09 04:00:00,0,False,WBTC/USDT,WBTC
2025-04-09 05:00:00,0,False,WBTC/USDT,WBTC
2025-04-09 06:00:00,0,False,WBTC/USDT,WBTC
2025-04-09 07:00:00,0,False,WBTC/USDT,WBTC
2025-04-09 08:00:00,0,False,WBTC/USDT,WBTC
2025-04-09 09:00:00,0,False,WBTC/USDT,WBTC
2025-04-09 10:00:00,0,False,WBTC/USDT,WBTC
2025-04-09 11:00:00,0,False,WBTC/USDT,WBTC
2025-04-09 12:00:00,0,False,WBTC/USDT,WBTC
2025-04-09 13:00:00,0,False,WBTC/USDT,WBTC
2025-04-09 14:00:00,0,False,WBTC/USDT,WBTC
2025-04-09 15:00:00,0,False,WBTC/USDT,WBTC
2025-04-09 16:00:00,0,False,WBTC/USDT,WBTC
2025-04-09 17:00:00,0,False,WBTC/USDT,WBTC
2025-04-09 18:00:00,100,False,WBTC/USDT,WBTC
2025-04-09 19:00:00,0,False,WBTC/USDT,WBTC
2025-04-09 20:00:00,0,False,WBTC/USDT,WBTC
2025-04-09 21:00:00,0,False,WBTC/USDT,WBTC
2025-04-09 22:00:00,0,False,WBTC/USDT,WBTC
2025-04-09 23:00:00,0,False,WBTC/USDT,WBTC
2025-04-10 00:00:00,0,False,WBTC/USDT,WBTC
2025-04-10 01:00:00,0,False,WBTC/USDT,WBTC
2025-04-10 02:00:00,0,False,WBTC/USDT,WBTC
2025-04-10 03:00:00,0,False,WBTC/USDT,WBTC
2025-04-10 04:00:00,0,False,WBTC/USDT,WBTC
2025-04-10 05:00:00,0,False,WBTC/USDT,WBTC
2025-04-10 06:00:00,0,False,WBTC/USDT,WBTC
2025-04-10 07:00:00,0,False,WBTC/USDT,WBTC
2025-04-10 08:00:00,0,False,WBTC/USDT,WBTC
2025-04-10 09:00:00,0,False,WBTC/USDT,WBTC
2025-04-10 10:00:00,0,False,WBTC/USDT,WBTC
2025-04-10 11:00:00,0,False,WBTC/USDT,WBTC
2025-04-10 12:00:00,0,False,WBTC/USDT,WBTC
2025-04-10 13:00:00,0,False,WBTC/USDT,WBTC
2025-04-10 14:00:00,0,False,WBTC/USDT,WBTC
2025-04-10 15:00:00,0,False,WBTC/USDT,WBTC
2025-04-10 16:00:00,0,False,WBTC/USDT,WBTC
2025-04-10 17:00:00,0,False,WBTC/USDT,WBTC
2025-04-10 18:00:00,0,False,WBTC/USDT,WBTC
2025-04-10 19:00:00,0,False,WBTC/USDT,WBTC
2025-04-10 20:00:00,0,False,WBTC/USDT,WBTC
2025-04-10 21:00:00,0,False,WBTC/USDT,WBTC
2025-04-10 22:00:00,0,False,WBTC/USDT,WBTC
2025-04-10 23:00:00,0,False,WBTC/USDT,WBTC
2025-04-11 00:00:00,0,False,WBTC/USDT,WBTC
2025-04-11 01:00:00,0,False,WBTC/USDT,WBTC
2025-04-11 02:00:00,0,False,WBTC/USDT,WBTC
2025-04-11 03:00:00,0,False,WBTC/USDT,WBTC
2025-04-11 04:00:00,0,False,WBTC/USDT,WBTC
2025-04-11 05:00:00,0,False,WBTC/USDT,WBTC
2025-04-11 06:00:00,0,False,WBTC/USDT,WBTC
2025-04-11 07:00:00,0,False,WBTC/USDT,WBTC
2025-04-11 08:00:00,0,False,WBTC/USDT,WBTC
2025-04-11 09:00:00,0,False,WBTC/USDT,WBTC
2025-04-11 10:00:00,0,False,WBTC/USDT,WBTC
2025-04-11 11:00:00,0,False,WBTC/USDT,WBTC
2025-04-11 12:00:00,0,False,WBTC/USDT,WBTC
2025-04-11 13:00:00,0,False,WBTC/USDT,WBTC
2025-04-11 14:00:00,0,False,WBTC/USDT,WBTC
2025-04-11 15:00:00,0,False,WBTC/USDT,WBTC
2025-04-11 16:00:00,0,False,WBTC/USDT,WBTC
2025-04-11 17:00:00,0,False,WBTC/USDT,WBTC
2025-04-11 18:00:00,0,False,WBTC/USDT,WBTC
2025-04-11 19:00:00,0,False,WBTC/USDT,WBTC
2025-04-11 20:00:00,0,False,WBTC/USDT,WBTC
2025-04-11 21:00:00,0,False,WBTC/USDT,WBTC
2025-04-11 22:00:00,0,False,WBTC/USDT,WBTC
2025-04-11 23:00:00,0,False,WBTC/USDT,WBTC
2025-04-12 00:00:00,0,False,WBTC/USDT,WBTC
2025-04-12 01:00:00,0,False,WBTC/USDT,WBTC
2025-04-12 02:00:00,0,False,WBTC/USDT,WBTC
2025-04-12 03:00:00,0,False,WBTC/USDT,WBTC
2025-04-12 04:00:00,0,False,WBTC/USDT,WBTC
2025-04-12 05:00:00,0,False,WBTC/USDT,WBTC
2025-04-12 06:00:00,0,False,WBTC/USDT,WBTC
2025-04-12 07:00:00,0,False,WBTC/USDT,WBTC
2025-04-12 08:00:00,0,False,WBTC/USDT,WBTC
2025-04-12 09:00:00,0,False,WBTC/USDT,WBTC
2025-04-12 10:00:00,0,False,WBTC/USDT,WBTC
2025-04-12 11:00:00,0,False,WBTC/USDT,WBTC
2025-04-12 12:00:00,0,False,WBTC/USDT,WBTC
2025-04-12 13:00:00,0,False,WBTC/USDT,WBTC
2025-04-12 14:00:00,0,False,WBTC/USDT,WBTC
2025-04-12 15:00:00,0,False,WBTC/USDT,WBTC
2025-04-12 16:00:00,0,False,WBTC/USDT,WBTC
2025-04-12 17:00:00,0,False,WBTC/USDT,WBTC
2025-04-12 18:00:00,0,False,WBTC/USDT,WBTC
2025-04-12 19:00:00,0,False,WBTC/USDT,WBTC
2025-04-12 20:00:00,0,False,WBTC/USDT,WBTC
2025-04-12 21:00:00,0,False,WBTC/USDT,WBTC
2025-04-12 22:00:00,0,False,WBTC/USDT,WBTC
2025-04-12 23:00:00,0,False,WBTC/USDT,WBTC
2025-04-13 00:00:00,0,False,WBTC/USDT,WBTC
2025-04-13 01:00:00,0,False,WBTC/USDT,WBTC
2025-04-13 02:00:00,0,False,WBTC/USDT,WBTC
2025-04-13 03:00:00,0,False,WBTC/USDT,WBTC
2025-04-13 04:00:00,0,False,WBTC/USDT,WBTC
2025-04-13 05:00:00,0,False,WBTC/USDT,WBTC
2025-04-13 06:00:00,0,False,WBTC/USDT,WBTC
2025-04-13 07:00:00,0,False,WBTC/USDT,WBTC
2025-04-13 08:00:00,0,False,WBTC/USDT,WBTC
2025-04-13 09:00:00,0,False,WBTC/USDT,WBTC
2025-04-13 10:00:00,0,False,WBTC/USDT,WBTC
2025-04-13 11:00:00,0,False,WBTC/USDT,WBTC
2025-04-13 12:00:00,0,False,WBTC/USDT,WBTC
2025-04-13 13:00:00,0,False,WBTC/USDT,WBTC
2025-04-13 14:00:00,0,False,WBTC/USDT,WBTC
2025-04-13 15:00:00,0,False,WBTC/USDT,WBTC
2025-04-13 16:00:00,0,False,WBTC/USDT,WBTC
2025-04-13 17:00:00,0,False,WBTC/USDT,WBTC
2025-04-13 18:00:00,0,False,WBTC/USDT,WBTC
2025-04-13 19:00:00,0,False,WBTC/USDT,WBTC
2025-04-13 20:00:00,0,False,WBTC/USDT,WBTC
2025-04-13 21:00:00,0,False,WBTC/USDT,WBTC
2025-04-13 22:00:00,0,False,WBTC/USDT,WBTC
2025-04-13 23:00:00,0,False,WBTC/USDT,WBTC
2025-04-14 00:00:00,0,False,WBTC/USDT,WBTC
2025-04-14 01:00:00,0,True,WBTC/USDT,WBTC
