symbol,coin,title,description,content,publishedAt,url,source,fetchedAt
BTC/USDT,BTC,What's happening with the Bitcoin price amid the Trump tariff market panic?,"After hitting record highs north of US$109,000 in January, how is the Bitcoin (CRYPTO: BTC) price faring amid Trump’s tariffs?","You may have heard Bitcoin referred to as 'digital gold'. But is it really a haven asset?
What's happening with the Bitcoin price amid the Trump tariff market panic?
You’re reading a free article with opinions that may differ from The Motley Fool’s P... [3621 chars]",2025-04-09T04:01:09Z,https://www.fool.com.au/2025/04/09/whats-happening-with-the-bitcoin-price-amid-the-trump-tariff-market-panic/,Motley Fool Australia,2025-04-14T00:40:18.251883
BTC/USDT,BTC,"Got $3,000? These 2 Cryptocurrencies Are Worth Considering in a Conservative Portfolio.","XRP (CRYPTO: XRP) and Bitcoin (CRYPTO: BTC) are proven cryptocurrencies that aren't going to go to zero. Bitcoin and XRP are valuable for different reasons, and the differences matter even more than usual for portfolios that are meant to be safer than average. XRP is valuable because it's a financial technology that's in active use and development.","XRP (CRYPTO: XRP) and Bitcoin (CRYPTO: BTC) are proven cryptocurrencies that aren't going to go to zero. In the long term, they're more likely to be more valuable than they are today. And they might even be better bets than some assets that people wi... [2683 chars]",2025-04-04T09:15:00Z,https://finance.yahoo.com/news/got-3-000-2-cryptocurrencies-091500633.html,Yahoo Finance,2025-04-14T00:40:18.251909
BTC/USDT,BTC,Bitcoin price surges on Donald Trump's cryptocurrency strategic reserve update,The Bitcoin (CRYPTO: BTC) price has enjoyed some heady tailwinds from the Donald Trump presidency. Here’s what’s happening now.,"The Bitcoin price hit all-time highs of US$109,115 on the day Trump was sworn into office.
You’re reading a free article with opinions that may differ from The Motley Fool’s Premium Investing Services. Become a Motley Fool member today to get instant... [2770 chars]",2025-03-05T03:19:01Z,https://www.fool.com.au/2025/03/05/bitcoin-price-surges-on-donald-trumps-cryptocurrency-strategic-reserve-update/,Motley Fool Australia,2025-04-14T00:40:18.251917
BTC/USDT,BTC,U.S. Crypto Task Force to Focus on Delivering National Bitcoin Reserve: Bernstein,"The Federal Reserve could issue debt or sell some of its gold reserves to fund purchases of BTC, the report said.","The U.S. crypto task force will focus on starting up a national bitcoin (BTC) reserve, a move that is likely to spur similar efforts worldwide, broker Bernstein said in a research report Monday.
""A creation of a U.S. bitcoin reserve could lead to a g... [1038 chars]",2025-02-17T09:34:55Z,https://finance.yahoo.com/news/u-crypto-task-force-focus-093455444.html,Yahoo Finance,2025-04-14T00:40:18.251922
BTC/USDT,BTC,"BTC TO USD - Today’s Bitcoin price in Dollar on Feb 10, 2024","As of Feb 10, the Bitcoin to USD exchange rate stood at $97137.44. Bitcoin’s value in dollars reflects the dynamic nature of the crypto","As of Feb 10, the Bitcoin to USD exchange rate stood at $97137.44. Bitcoin’s value in dollars reflects the dynamic nature of the cryptocurrency market. Investors and enthusiasts closely monitor these fluctuations to make informed decisions regarding ... [596 chars]",2025-02-10T09:51:29Z,https://www.bolnews.com/business/2025/02/btc-to-usd-todays-bitcoin-price-in-dollar-on-feb-10-2024-2/,BOL News,2025-04-14T00:40:18.251928
ETH/USDT,ETH,It's Not Bitcoin),"The one cryptocurrency on my radar right now is Solana (CRYPTO: SOL), which jumped more than 50% between Jan. 12 and Jan. 17. There are several catalysts for Solana in 2025, and all of them are setting up this cryptocurrency for rapid growth over the coming years. First and most importantly, Solana has emerged as the premier blockchain challenger to Ethereum (CRYPTO: ETH).","It's less than a month into the new year, and already a number of top altcoins are starting to pull away from market benchmark Bitcoin (CRYPTO: BTC). While Bitcoin is up 15% for the year, other cryptocurrencies are up 30%, 40%, and even 50%.
The one ... [5698 chars]",2025-01-22T09:31:00Z,https://finance.yahoo.com/news/1-top-cryptocurrency-buy-now-093100510.html,Yahoo Finance,2025-04-14T00:40:19.981505
ETH/USDT,ETH,Bitcoin Drags Crypto Lower on Strong U.S. Economic Data,"The irony of the crypto market is how much it falls when the economy is doing well. On Tuesday, a couple of important economic readings came in better than expected, and Bitcoin (CRYPTO: BTC) and other cryptocurrencies dropped on the news. As of 4:30 p.m. ET, Bitcoin was down 4.9% in the past 24 hours, Ethereum (CRYPTO: ETH) was off 7.4%, and Dogecoin (CRYPTO: DOGE) was down 8.9%.","The irony of the crypto market is how much it falls when the economy is doing well. On Tuesday, a couple of important economic readings came in better than expected, and Bitcoin (CRYPTO: BTC) and other cryptocurrencies dropped on the news.
As of 4:30... [3901 chars]",2025-01-07T23:36:53Z,https://finance.yahoo.com/news/bitcoin-drags-crypto-lower-strong-233653581.html,Yahoo Finance,2025-04-14T00:40:19.981522
ETH/USDT,ETH,New PropFi Coin Promises Utility That Could Outpace Ethereum And Fantom In This Market Cycle,FXGuys ($FXG) aims to beat Ethereum (ETH) and Fantom (FTM) with unique features and real-world use. Is this the next crypto to watch?,"Additionally, staking this PropFi coin lets holders earn a share of the platform’s revenue. Could this combination make the DeFi coin the best crypto to buy and redefine how traders approach DeFi projects and PropFi coins?
This new platform adds to t... [4862 chars]",2025-01-04T11:16:54Z,https://theprint.in/brandstand/adon/new-propfi-coin-promises-utility-that-could-outpace-ethereum-and-fantom-in-this-market-cycle/2430964/,ThePrint,2025-04-14T00:40:19.981526
ETH/USDT,ETH,Ethereum Price to Surge 500% This Cycle Amid ETF Approval: Crypto Expert,"""All indicators indicate a massive ETH bull run in the coming months,"" said the CEO of SynFutures.","The price of ether will climb to between $15,000 and $22,500 this cycle, SynFutures CEO Rachel Lin says.
She sees demand factors and a stallout in new supply adding price upside to the coin.
""Now the spot ETH ETF is approved, all indicators indicate ... [2872 chars]",2024-05-28T04:00:00Z,https://markets.businessinsider.com/news/currencies/ether-ethereum-crypto-price-outlook-forecast-etf-approval-regulation-supply-2024-5,Business Insider,2025-04-14T00:40:19.981532
ETH/USDT,ETH,"MIT students stole $25M in seconds by exploiting ETH blockchain bug, DOJ says",Brothers charged in novel crypto scheme potentially face decades in prison.,"Within approximately 12 seconds, two highly educated brothers allegedly stole $25 million by tampering with the ethereum blockchain in a never-before-seen cryptocurrency scheme, according to an indictment that the US Department of Justice unsealed We... [4237 chars]",2024-05-15T20:21:44Z,https://arstechnica.com/tech-policy/2024/05/sophisticated-25m-ethereum-heist-took-about-12-seconds-doj-says/,Ars Technica,2025-04-14T00:40:19.981536
XRP/USDT,XRP,This Country Is Falling Behind In The Crypto Race,"Ripple, the blockchain-based payments firm behind XRP (CRYPTO: XRP), is raising fresh concerns over the UK's sluggish approach to crypto regulation, arguing that it's leaving British banks unwilling to engage with digital assets. What Happened: At a ...","Benzinga and Yahoo Finance LLC may earn commission or revenue on some items through the links below.
Ripple, the blockchain-based payments firm behind XRP (CRYPTO: XRP), is raising fresh concerns over the UK's sluggish approach to crypto regulation, ... [2066 chars]",2025-04-05T20:31:45Z,https://finance.yahoo.com/news/ripple-warns-country-falling-behind-203145187.html,Yahoo Finance,2025-04-14T00:40:21.686151
XRP/USDT,XRP,"Got $3,000? These 2 Cryptocurrencies Are Worth Considering in a Conservative Portfolio.","XRP (CRYPTO: XRP) and Bitcoin (CRYPTO: BTC) are proven cryptocurrencies that aren't going to go to zero. Bitcoin and XRP are valuable for different reasons, and the differences matter even more than usual for portfolios that are meant to be safer than average. XRP is valuable because it's a financial technology that's in active use and development.","XRP (CRYPTO: XRP) and Bitcoin (CRYPTO: BTC) are proven cryptocurrencies that aren't going to go to zero. In the long term, they're more likely to be more valuable than they are today. And they might even be better bets than some assets that people wi... [2683 chars]",2025-04-04T09:15:00Z,https://finance.yahoo.com/news/got-3-000-2-cryptocurrencies-091500633.html,Yahoo Finance,2025-04-14T00:40:21.686176
XRP/USDT,XRP,"Grayscale Files To Convert $600 Million Crypto Fund Into ETF, Expanding Access to Bitcoin, Ethereum, and XRP",Grayscale Investments has filed to convert its private Digital Large Cap Fund into an exchange-traded fund (ETF).,"Grayscale Investments has filed to convert its private Digital Large Cap Fund into an exchange-traded fund (ETF), allowing public investors to access a portfolio that includes Bitcoin, Ethereum, XRP, Solana, and Cardano. Currently, the fund is only a... [2421 chars]",2025-04-01T21:47:25Z,https://finance.yahoo.com/news/grayscale-files-convert-600-million-214725386.html,Yahoo Finance,2025-04-14T00:40:21.686183
XRP/USDT,XRP,"Bitcoin price drops below $85,000 amid trade war, US crypto reserve uncertainty","The price of Bitcoin fell to $85,321.69 late on Monday (March 3). Ether, the second-largest cryptocurrency, dropped more than 15 per cent, while XRP, Cardano, and Solana fell nearly 20 per cent","The price of Bitcoin fell to $85,321.69 late on Monday (March 3). Ether, the second-largest cryptocurrency, dropped more than 15 per cent, while XRP, Cardano, and Solana fell nearly 20 per cent read more
The value of Bitcoin tumbled after a market-wi... [2151 chars]",2025-03-04T02:35:41Z,https://www.firstpost.com/world/bitcoin-price-drops-amid-trade-war-us-crypto-reserve-uncertainty-13868445.html,Firstpost,2025-04-14T00:40:21.686190
XRP/USDT,XRP,Why crypto prices are on the rise as Donald Trump backs five coins for ‘crypto reserve’,"The market prices of the five coins he named - Bitcoin, Ethereum, XRP, Solana and Cardano - all swiftly jumped after the announcement.","After talking about creating a “strategic reserve” of cryptocurrencies during his Presidential bid last year, Donald Trump has for the first time announced five virtual coins he plans to include in the American reserve stockpile – a move which has gi... [3411 chars]",2025-03-04T01:09:07Z,https://indianexpress.com/article/business/crypto-price-donald-trump-crypto-currencies-9865440/,The Indian Express,2025-04-14T00:40:21.686196
BNB/USDT,BNB,BlockDAG Outdoes BNB & Polkadot News in the Crypto Market,"BlockDAG’s BDAG50 code leads the crypto market, outshining BNB and Polkadot news. Find out why BlockDAG is top.","BNB showed strong trading performance, especially from August 2 to 10, 2022, when it moved between $275 and $336. This period revealed good times to enter the market, particularly after it went over $300. The price went up for six days before droppin... [4333 chars]",2024-09-30T13:00:30Z,https://theprint.in/brandstand/adon/bnb-coin-polkadot-losing-ground-blockdag-now-offers-50-more-coins-ahead-of-major-rebranding/2290544/,ThePrint,2025-04-14T00:40:23.388112
BNB/USDT,BNB,"Binance Coin (BNB) price takes a hit as India bans parent exchange, investors flock to Retik Finance (RETIK)","By embracing decentralized technologies, Retik Finance aims to address the limitations of traditional banking systems, offering enhanced security, accessibility, and privacy while facilitating cross-border transactions.Conclusion The ban on cryptocurrency exchanges in India, including Binance, has sent shockwaves through the crypto community.","India took a significant step in the cryptocurrency regulatory landscape by blocking access to websites of several offshore crypto exchanges, including Binance, Kucoin, OKX, Gate.io, and others. This decision came shortly after these platforms were r... [5161 chars]",2024-01-20T12:19:00Z,https://www.devdiscourse.com/article/technology/2782642-binance-coin-bnb-price-takes-a-hit-as-india-bans-parent-exchange-investors-flock-to-retik-finance-retik,Devdiscourse,2025-04-14T00:40:23.388128
BNB/USDT,BNB,"Shiba Inu (SHIB), Meme Moguls (MGLS), and Binance Coin (BNB): An Interesting Trio in the Crypto Scene","Learn more about Shiba Inu (SHIB), Meme Moguls (MGLS), and Binance Coin (BNB) and how they are making waves in the digital currency world","In the dynamic landscape of cryptocurrencies, a trio has emerged as a dominant force, capturing the attention of investors and enthusiasts alike. Shiba Inu (SHIB), Meme Moguls (MGLS), and Binance Coin (BNB) have become the talk of the town, each brin... [3259 chars]",2023-11-15T18:30:00Z,https://www.livemint.com/brand-stories/shiba-inu-shib-meme-moguls-mgls-and-binance-coin-bnb-an-interesting-trio-in-the-crypto-scene-11696354575934.html,Livemint,2025-04-14T00:40:23.388132
BNB/USDT,BNB,SEC alleges 12 crypto assets are securities,"The SEC claims cryptocurrencies BNB, BUSD, SOL, ADA, MATIC, FIL, ATOM, SAND, MANA, ALGO, AXS and COTI as securities in new Binance lawsuit.","SEC claims BNB and BUSD are securities, including major tokens like SOL, ADA and MATIC The agency alleges 12 crypto assets are securities in its latest crypto lawsuit
On Monday, the SEC filed a lawsuit against Binance and CEO Changpeng Zhao, as well ... [2712 chars]",2023-06-05T19:30:17Z,https://techcrunch.com/2023/06/05/sec-crypto-securities-binance/,TechCrunch,2025-04-14T00:40:23.388135
BNB/USDT,BNB,Binance’s Token BNB Plummets Almost 10% In Biggest Drop This Year After SEC Sues Crypto Giant,Binance and its founder Changpeng Zhao were sued by the SEC on Monday for allegedly misusing customer funds and diverting some to a trading entity owned by Zhao.,"Topline
A cryptocurrency created by Binance tumbled nearly 10% after the Securities and Exchange Commission sued the world’s largest crypto exchange Monday for allegedly running an illegal operation in the U.S., marking its biggest one-day drop so fa... [3831 chars]",2023-06-05T04:00:00Z,https://www.forbes.com/sites/brianbushard/2023/06/05/binances-token-bnb-plummets-almost-10-in-biggest-drop-this-year-after-sec-sues-crypto-giant/,Forbes,2025-04-14T00:40:23.388138
SOL/USDT,SOL,It's Not Bitcoin),"The one cryptocurrency on my radar right now is Solana (CRYPTO: SOL), which jumped more than 50% between Jan. 12 and Jan. 17. There are several catalysts for Solana in 2025, and all of them are setting up this cryptocurrency for rapid growth over the coming years. First and most importantly, Solana has emerged as the premier blockchain challenger to Ethereum (CRYPTO: ETH).","It's less than a month into the new year, and already a number of top altcoins are starting to pull away from market benchmark Bitcoin (CRYPTO: BTC). While Bitcoin is up 15% for the year, other cryptocurrencies are up 30%, 40%, and even 50%.
The one ... [5698 chars]",2025-01-22T09:31:00Z,https://finance.yahoo.com/news/1-top-cryptocurrency-buy-now-093100510.html,Yahoo Finance,2025-04-14T00:40:25.164601
SOL/USDT,SOL,"Crypto Coins Poised for Growth: TRX, SOL, and RXS Leading the Charge","The cryptocurrency market shows promise with TRX/TRX, Solana, and Rexas Finance leading innovations. TRON (TRX) highlights increased network activity and retail engagement, Solana (SOL) boosts reliability with upgrades, and Rexas Finance (RXS) introduces disruptive asset tokenization. These coins' real-world applications and advancements suggest a potential price surge.","The cryptocurrency market is experiencing a resurgence of interest, particularly in the TRX/TRX, Solana, and Rexas Finance coins. These digital currencies are gaining attention due to their real-world applications, network improvements, and upcoming ... [1142 chars]",2025-01-10T07:01:10Z,https://www.devdiscourse.com/article/headlines/3221179-crypto-coins-poised-for-growth-trx-sol-and-rxs-leading-the-charge,Devdiscourse,2025-04-14T00:40:25.164624
SOL/USDT,SOL,"Crypto Bull Run 2025: Will Cardano (ADA), Solana (SOL) or Rexas Finance (RXS) Lead the Charge?",This article will examine Cardano and Solana's price forecasts and investigate why Rexas Finance would be the understated choice in this next bull market.,"Currently valued at $193.30, Solana (SOL) has become a top platform for fast blockchain transactions. Solana’s scalability and strong ecosystem help it to attract market attention even if it already shows an 80% rise in 2024. According to analysts, S... [4956 chars]",2025-01-08T11:30:21Z,https://theprint.in/brandstand/adon/crypto-bull-run-2025-will-cardano-ada-solana-sol-or-rexas-finance-rxs-lead-the-charge/2436670/,ThePrint,2025-04-14T00:40:25.164627
SOL/USDT,SOL,"Turning $100 Into $10,000: Investors Weigh Their Options For Such Market Gains Between XRP, Solana, And FXGuys ($FXG)","Can a $100 investment turn into $10,000? Let's compare Ripple (XRP), Solana (SOL), and FXGuys ($FXG) to discover the best crypto to buy now for massive returns.","With a presale price of $0.04, $FXG is considered the best crypto to buy now, offering passive income opportunities. Let’s dig deeper into which is the best DeFi coin to bet your $100 on!
Investors aiming to turn $100 into $10,000 are searching for t... [4312 chars]",2024-12-11T07:17:13Z,https://theprint.in/brandstand/adon/turning-100-into-10000-investors-weigh-their-options-for-such-market-gains-between-xrp-solana-and-fxguys-fxg/2397611/,ThePrint,2025-04-14T00:40:25.164631
SOL/USDT,SOL,Solana Investors Shifting SOL This Altcoin Could Outperform Solana Smashing Solana and TX Processed,"Lightchain AI’s groundbreaking technology, low presale price, and limitless utility are creating waves in the crypto world.","Lightchain AI isn’t just another blockchain—it’s a transformational leap forward . With its Proof of Intelligence (PoI) consensus mechanism and Artificial Intelligence Virtual Machine (AIVM) , Lightchain AI is reshaping how blockchain handles AI-spec... [4806 chars]",2024-12-10T07:50:54Z,https://theprint.in/brandstand/adon/solana-investors-shifting-sol-this-altcoin-could-outperform-solana-smashing-solana-and-tx-processed/2396044/,ThePrint,2025-04-14T00:40:25.164634
USDC/USDT,USDC,Remote enables USDC crypto payouts for contractors,"Getting paid in cryptocurrencies may sound like a bad idea, but this could be an actually useful feature for international contractors. Remote, the","Getting paid in cryptocurrencies may sound like a bad idea, but this could be an actually useful feature for international contractors. Remote, the company that lets you hire people and manage contractors all around the world, is introducing crypto p... [1828 chars]",2024-12-17T12:00:00Z,https://techcrunch.com/2024/12/17/remote-enables-usdc-crypto-payouts-for-contractors/,TechCrunch,2025-04-14T00:40:26.910676
USDC/USDT,USDC,Stripe to bring back crypto with USDC stablecoin payments,Stripe is slowly bringing back crypto as part of its services with the introduction of USDC stablecoin payments this summer.,"Co-founder John Collison says crypto is ‘back’ a month after bitcoin reached a record high, as the fintech giant attempts to woo more customers across its services.
Stripe is slowly bringing back crypto payments as part of its services after a six-ye... [2274 chars]",2024-04-26T08:13:53Z,https://www.siliconrepublic.com/enterprise/stripe-crypto-payments-usdc-stablecoins-bitcoin-blockchain,Siliconrepublic.com,2025-04-14T00:40:26.910699
USDC/USDT,USDC,Circle confidentially files for IPO following banner year for crypto,"Circle, the issuer of the USDC stablecoin, announced on Thursday that it has confidentially filed paperwork with the SEC for an initial public offering.","Circle, the issuer of the USDC stablecoin, has confidentially filed for an initial public offering with the U.S. Securities and Exchange Commission, a little more than a year after terminating a deal to go public via a special purpose acquisition com... [1875 chars]",2024-01-11T16:59:10Z,https://www.cnbc.com/2024/01/11/circle-confidentially-files-for-ipo-following-banner-year-for-crypto-.html,CNBC,2025-04-14T00:40:26.910709
USDC/USDT,USDC,MoneyGram unveils non-custodial wallet to bridge the worlds of crypto and fiat currency with USDC,The product is the latest effort to use blockchain technology to address the costly remittance sector.,"The global payments platform MoneyGram announced on Tuesday that it’s launching a non-custodial wallet to help its users move funds between fiat currency and USDC, a stablecoin pegged to the U.S. dollar.
The move represents the legacy fintech company... [3754 chars]",2023-09-26T04:00:00Z,https://fortune.com/crypto/2023/09/26/moneygram-noncustodial-wallet-usdc-stellar-crypto-remittances/,Fortune,2025-04-14T00:40:26.910717
USDC/USDT,USDC,Crypto firm Circle keeps shrinking,"A year ago, Circle was riding high thanks to increasing use of its “USDC” stablecoin. Then came the Silicon Valley Bank failure.","A year ago, Circle was riding high thanks to increasing use of its “USDC” stablecoin. Unlike bitcoin and most cryptocurrencies, every dollar of USDC in circulation is backed by a dollar stashed in solid assets such as Treasury bills and bank deposits... [3850 chars]",2023-09-26T04:00:00Z,https://www.bostonglobe.com/2023/09/26/business/circle-crypto-firm-shrinking/,The Boston Globe,2025-04-14T00:40:26.910726
DOGE/USDT,DOGE,Why Dogecoin Is Gaining Today,"Dogecoin (CRYPTO: DOGE) is climbing higher Tuesday despite a backdrop of pullbacks for the broader crypto market. In conjunction with President Trump's inauguration yesterday, the Department of Government Efficiency (DOGE) launched its website. While the government advisory commission isn't directly connected to the Dogecoin cryptocurrency, the new website features the Dogecoin logo.","Dogecoin (CRYPTO: DOGE) is climbing higher Tuesday despite a backdrop of pullbacks for the broader crypto market. The popular meme coin's token price was up 3% over the past 24 hours as of 11:40 a.m. ET. Bitcoin's price was down 0.9%, and the price o... [3196 chars]",2025-01-21T17:22:44Z,https://finance.yahoo.com/news/why-dogecoin-gaining-today-172244015.html,Yahoo Finance,2025-04-14T00:40:28.642728
DOGE/USDT,DOGE,Bitcoin Drags Crypto Lower on Strong U.S. Economic Data,"The irony of the crypto market is how much it falls when the economy is doing well. On Tuesday, a couple of important economic readings came in better than expected, and Bitcoin (CRYPTO: BTC) and other cryptocurrencies dropped on the news. As of 4:30 p.m. ET, Bitcoin was down 4.9% in the past 24 hours, Ethereum (CRYPTO: ETH) was off 7.4%, and Dogecoin (CRYPTO: DOGE) was down 8.9%.","The irony of the crypto market is how much it falls when the economy is doing well. On Tuesday, a couple of important economic readings came in better than expected, and Bitcoin (CRYPTO: BTC) and other cryptocurrencies dropped on the news.
As of 4:30... [3901 chars]",2025-01-07T23:36:53Z,https://finance.yahoo.com/news/bitcoin-drags-crypto-lower-strong-233653581.html,Yahoo Finance,2025-04-14T00:40:28.642749
DOGE/USDT,DOGE,Dogecoin Surges Following Elon Musk News. What's Going on With This Popular Meme Coin?,Don't be fooled by doge's cute mascot. Experts say investing in crypto is still extremely risky.,"Dogecoin is making headlines after President-elect Donald Trump announced the creation of the Department of Government Efficiency on X this past Wednesday.
This meme coin was worth 16 cents on Election Day and has since more than doubled to a high of... [3874 chars]",2024-11-14T21:19:00Z,https://www.cnet.com/personal-finance/crypto/dogecoin-surges-following-elon-musk-news-whats-going-on-with-this-popular-meme-coin/,CNET,2025-04-14T00:40:28.642759
DOGE/USDT,DOGE,What's DOGE? Musk's new political appointment under Trump is a crypto joke,"President-elect Donald Trump announced on Tuesday that one of his top donors, Elon Musk, will co-lead the newly created Department of Government","President-elect Donald Trump announced on Tuesday that one of his top donors, Elon Musk, will co-lead the newly created Department of Government Efficiency, or DOGE. It’s a not-even-thinly-veiled nod to the popular Doge meme, depicting a cute Shiba I... [5721 chars]",2024-11-13T23:11:04Z,https://techcrunch.com/2024/11/13/whats-doge-musks-new-political-appointment-under-trump-is-a-crypto-joke/,TechCrunch,2025-04-14T00:40:28.642767
DOGE/USDT,DOGE,Crypto Meme Tokens Like 'Dogwifhat' Are Booming Amid Bitcoin Price Surge,"Baby Doge Coin is a joke token making fun of another joke token, which itself started as a way to highlight the absurdity of crypto as a whole.","Crypto meme coins have surged over the past week as bitcoin has hit record highs.
Memecoins with names like ""dogwifhat"" and ""Baby Doge Coin"" are worth billions of dollars.
Listed below are the eight largest memecoins that have surged over the past we... [1942 chars]",2024-03-14T04:00:00Z,https://markets.businessinsider.com/news/currencies/crypto-meme-tokens-dogwifhat-booming-bitcoin-surge-baby-doge-coin-2024-3,Business Insider,2025-04-14T00:40:28.642775
TRX/USDT,TRX,"Crypto Coins Poised for Growth: TRX, SOL, and RXS Leading the Charge","The cryptocurrency market shows promise with TRX/TRX, Solana, and Rexas Finance leading innovations. TRON (TRX) highlights increased network activity and retail engagement, Solana (SOL) boosts reliability with upgrades, and Rexas Finance (RXS) introduces disruptive asset tokenization. These coins' real-world applications and advancements suggest a potential price surge.","The cryptocurrency market is experiencing a resurgence of interest, particularly in the TRX/TRX, Solana, and Rexas Finance coins. These digital currencies are gaining attention due to their real-world applications, network improvements, and upcoming ... [1142 chars]",2025-01-10T07:01:10Z,https://www.devdiscourse.com/article/headlines/3221179-crypto-coins-poised-for-growth-trx-sol-and-rxs-leading-the-charge,Devdiscourse,2025-04-14T00:40:30.358884
TRX/USDT,TRX,"Everlodge (ELDG) Is Ready To Dethrone, TRON (TRX) and Polkadot (DOT)","Today's Investors wonder whether TRON (TRX) and Polkadot (DOT) are still the kings of crypto investments. But, they can be sure of the success of a new challenger, Everlodge","Today's Investors wonder whether TRON (TRX) and Polkadot (DOT) are still the kings of crypto investments. But, they can be sure of the success of a new challenger, Everlodge.
It aims to reach a value of $1 as quickly as possible and grow further.
Tro... [4272 chars]",2023-09-25T18:30:00Z,https://www.livemint.com/brand-stories/everlodge-eldg-is-ready-to-dethrone-tron-trx-and-polkadot-dot-11694023553909.html,Livemint,2025-04-14T00:40:30.358911
TRX/USDT,TRX,"Lindsay Lohan, Jake Paul and Soulja Boy hit with US charges over crypto scheme",The group is accused of illegally promoting TRX and BTT crypto assets,"E ight celebrities including Lindsay Lohan and Jake Paul have been charged by US regulators with participating in an illegal crypto scheme.
The famous names allegedly used their social platforms to boost two crypto tokens without disclosing they were... [2167 chars]",2023-03-22T21:57:31Z,https://www.standard.co.uk/showbiz/lindsay-lohan-jake-paul-soulja-boy-sec-charges-crypto-b1069319.html,Evening Standard,2025-04-14T00:40:30.358920
TRX/USDT,TRX,"SEC Charges Lindsay Lohan, Jake Paul, Soulja Boy, Akon In Crypto Promotion Scheme",The SEC also charged crypto entrepreneur Justin Sun for artificially inflating the trading volume of TRX.,"Topline
The Securities and Exchange Commission announced charges Wednesday against actor Lindsay Lohan, boxer Jake Paul and a group of rappers and R&B stars, including Soulja Boy, Akon and Lil Yachty, for allegedly promoting cryptocurrencies without ... [2901 chars]",2023-03-22T04:00:00Z,https://www.forbes.com/sites/brianbushard/2023/03/22/sec-charges-lindsay-lohan-jake-paul-soulja-boy-akon-in-crypto-promotion-scheme/,Forbes,2025-04-14T00:40:30.358929
TRX/USDT,TRX,Nexo Doubles Earn on Crypto Interest Rates,"Press Release
Nexo, the leading regulated financial institution for digital assets, today announced a two-fold increase on savings interest rates for cryptocurrencies BTC, ETH, XRP, BCH, LTC, EOS, LINK, XLM, TRX, and PAXG, offering yields of up to 8% APY through its…","The pandemic is making startups take a close look at ramping up their communication solutions.
The financial institution raises yields on cryptocurrency savings and introduces Earn in NEXO feature as part of tokenomics model overhaul Nexonomics
LONDO... [3293 chars]",2020-10-28T16:25:49Z,https://venturebeat.com/2020/10/28/nexo-doubles-earn-on-crypto-interest-rates/,VentureBeat,2025-04-14T00:40:30.358937
ADA/USDT,ADA,"Crypto Bull Run 2025: Will Cardano (ADA), Solana (SOL) or Rexas Finance (RXS) Lead the Charge?",This article will examine Cardano and Solana's price forecasts and investigate why Rexas Finance would be the understated choice in this next bull market.,"Currently valued at $193.30, Solana (SOL) has become a top platform for fast blockchain transactions. Solana’s scalability and strong ecosystem help it to attract market attention even if it already shows an 80% rise in 2024. According to analysts, S... [4956 chars]",2025-01-08T11:30:21Z,https://theprint.in/brandstand/adon/crypto-bull-run-2025-will-cardano-ada-solana-sol-or-rexas-finance-rxs-lead-the-charge/2436670/,ThePrint,2025-04-14T00:40:32.074566
ADA/USDT,ADA,"Cardano (ADA), Solana (SOL), Retik Finance (RETIK): Trio ready to fly high in 2024","As the crypto market continues to evolve, Solanas speed, scalability, and developer-friendly ecosystem position it for significant growth and adoption in the year ahead.Conclusion In conclusion, Cardano ADA, Solana SOL, and Retik Finance RETIK all showcase immense potential for growth and innovation in 2024.","As the cryptocurrency market continues to evolve and mature, investors are constantly on the lookout for promising projects with the potential for significant growth. In 2024, three projects stand out as prime candidates for success: Cardano (ADA), S... [6479 chars]",2024-03-05T06:50:05Z,https://www.devdiscourse.com/article/technology/2849100-cardano-ada-solana-sol-retik-finance-retik-trio-ready-to-fly-high-in-2024,Devdiscourse,2025-04-14T00:40:32.074614
ADA/USDT,ADA,Cardano (ADA) Will Lose Its Market to Retik Finance (RETIK),"While Cardano has earned its stripes for academic rigour and careful development, Retik is making waves with its focus on real-world usefulness, user-friendly features, and a mission to connect crypto with everyday life.","In the world of blockchains, Cardano (ADA) has long been celebrated as a top competitor, often touted as the ''Ethereum killer.'' But now, a new contender has emerged on the scene: Retik Finance (RETIK). While Cardano has earned its stripes for acade... [5080 chars]",2024-01-12T10:35:59Z,https://www.devdiscourse.com/article/technology/2774229-cardano-ada-will-lose-its-market-to-retik-finance-retik,Devdiscourse,2025-04-14T00:40:32.074624
ADA/USDT,ADA,Solana Rallies 1033% in 2023: Could the Crypto Touch All-Time Highs Next Year?,"Market Analysis by Ashraf Laidi covering: Bitcoin, ETH/USD, ADA/USD, Investing.com Polygon Index. Read Ashraf Laidi's Market Analysis on Investing.com",SOL/USD -0.60% Add to/Remove from Watchlist BTC/USD -1.14% Add to/Remove from Watchlist ETH/USD -1.92% Add to/Remove from Watchlist ADA/USD +0.03% Add to/Remove from Watchlist MATIC... +0.73% Add to/Remove from Watchlist AVAX/USD -2.26% Add to/Remove... [1359 chars],2023-12-05T05:00:00Z,https://www.investing.com/analysis/solana-rallies-1033-in-2023-could-the-crypto-touch-alltime-highs-next-year-200644661,Investing.com,2025-04-14T00:40:32.074631
ADA/USDT,ADA,It’s like 2021 again as crypto altcoins soar as much as 66%,"Solana's SOL and Cardano's ADA tokens rose by 33% and 23%, respectively, while Polygon's MATIC and Algorand's ALGO coins are up 20% and 14%.","In this photo illustration, a visual representation of the digital Cryptocurrency Ripple is displayed on January 30, 2018 in Paris, France.
Ripple's XRP token went up 68% in the last 24 hours, leading a wider rally of major-cap altcoins, as crypto tr... [2149 chars]",2023-07-14T11:50:13Z,https://www.cnbc.com/2023/07/14/its-like-2021-again-as-crypto-altcoins-soar-as-much-as-66percent.html,CNBC,2025-04-14T00:40:32.074639
WBTC/USDT,WBTC,The Much-battered Bitcoin Bounces as Crypto Whales Fail To Trigger a Margin Call For Celsius-held wBTC,Some analysts have continued to speculate that the latest downturn in Bitcoin was spurred by the desire of a few whale-sized investors to unleash a margin call on the wBTC held by Celsius in a vault,"This is not investment advice. The author has no position in any of the stocks mentioned. WCCF TECH INC has a disclosure and ethics policy.
Bitcoin seemed to be on the verge of a Lehman moment on Saturday as the world’s largest cryptocurrency tumbled... [6087 chars]",2022-06-19T17:14:58Z,https://wccftech.com/the-much-battered-bitcoin-bounces-as-crypto-whales-fail-to-trigger-a-margin-call-for-celsius-held-wbtc/,Wccftech,2025-04-14T00:40:33.798931
